fname,itp,tp_prob,its,ts_prob
HK.HKCC2.npz_1500.npz,[],[],[],[]
HK.HKCC2.npz_9000.npz,[],[],[],[]
HK.HKCC2.npz_4500.npz,[],[],[],[]
HK.HKCC2.npz_3000.npz,[],[],[],[]
HK.HKCC2.npz_0.npz,[],[],[],[]
HK.HKCC2.npz_6000.npz,[],[],[],[]
HK.HKCC2.npz_7500.npz,[],[],[],[]
HK.HKCC2.npz_10500.npz,[],[],[],[]
HK.HKCC2.npz_13500.npz,[],[],[],[]
HK.HKCC2.npz_12000.npz,[],[],[],[]
HK.HKCC2.npz_21000.npz,[],[],[],[]
HK.HKCC2.npz_19500.npz,[],[],[],[]
HK.HKCC2.npz_18000.npz,[],[],[],[]
HK.HKCC2.npz_16500.npz,[],[],[],[]
HK.HKCC2.npz_22500.npz,[],[],[],[]
HK.HKCC2.npz_15000.npz,[],[],[],[]
HK.HKCC2.npz_25500.npz,[],[],[],[]
HK.HKCC2.npz_30000.npz,[],[],[],[]
HK.HKCC2.npz_28500.npz,[],[],[],[]
HK.HKCC2.npz_34500.npz,[],[],[],[]
HK.HKCC2.npz_27000.npz,[],[],[],[]
HK.HKCC2.npz_24000.npz,[],[],[],[]
HK.HKCC2.npz_33000.npz,[],[],[],[]
HK.HKCC2.npz_31500.npz,[],[],[],[]
HK.HKCC2.npz_45000.npz,[],[],[],[]
HK.HKCC2.npz_46500.npz,[],[],[],[]
HK.HKCC2.npz_42000.npz,[],[],[],[]
HK.HKCC2.npz_36000.npz,[],[],[],[]
HK.HKCC2.npz_37500.npz,[],[],[],[]
HK.HKCC2.npz_40500.npz,[],[],[],[]
HK.HKCC2.npz_39000.npz,[],[],[],[]
HK.HKCC2.npz_43500.npz,[],[],[],[]
HK.HKCC2.npz_57000.npz,[],[],[],[]
HK.HKCC2.npz_55500.npz,[],[],[],[]
HK.HKCC2.npz_58500.npz,[],[],[],[]
HK.HKCC2.npz_51000.npz,[],[],[],[]
HK.HKCC2.npz_48000.npz,[],[],[],[]
HK.HKCC2.npz_54000.npz,[],[],[],[]
HK.HKCC2.npz_52500.npz,[],[],[],[]
HK.HKCC2.npz_49500.npz,[],[],[],[]
HK.HKCC2.npz_64500.npz,[],[],[],[]
HK.HKCC2.npz_66000.npz,[],[],[],[]
HK.HKCC2.npz_67500.npz,[],[],[],[]
HK.HKCC2.npz_70500.npz,[],[],[],[]
HK.HKCC2.npz_60000.npz,[],[],[],[]
HK.HKCC2.npz_61500.npz,[],[],[],[]
HK.HKCC2.npz_63000.npz,[],[],[],[]
HK.HKCC2.npz_69000.npz,[],[],[],[]
HK.HKCC2.npz_81000.npz,[],[],[],[]
HK.HKCC2.npz_78000.npz,[],[],[],[]
HK.HKCC2.npz_73500.npz,[],[],[],[]
HK.HKCC2.npz_82500.npz,[],[],[],[]
HK.HKCC2.npz_72000.npz,[],[],[],[]
HK.HKCC2.npz_75000.npz,[],[],[],[]
HK.HKCC2.npz_76500.npz,[],[],[],[]
HK.HKCC2.npz_79500.npz,[],[],[],[]
HK.HKCC2.npz_90000.npz,[],[],[],[]
HK.HKCC2.npz_93000.npz,[],[],[],[]
HK.HKCC2.npz_88500.npz,[],[],[],[]
HK.HKCC2.npz_87000.npz,[],[],[],[]
HK.HKCC2.npz_85500.npz,[],[],[],[]
HK.HKCC2.npz_94500.npz,[],[],[],[]
HK.HKCC2.npz_84000.npz,[],[],[],[]
HK.HKCC2.npz_91500.npz,[],[],[],[]
HK.HKCC2.npz_105000.npz,[],[],[],[]
HK.HKCC2.npz_102000.npz,[],[],[],[]
HK.HKCC2.npz_100500.npz,[],[],[],[]
HK.HKCC2.npz_99000.npz,[],[],[],[]
HK.HKCC2.npz_103500.npz,[],[],[],[]
HK.HKCC2.npz_106500.npz,[],[],[],[]
HK.HKCC2.npz_117000.npz,[],[],[],[]
HK.HKCC2.npz_96000.npz,[],[],[],[]
HK.HKCC2.npz_97500.npz,[],[],[],[]
HK.HKCC2.npz_114000.npz,[],[],[],[]
HK.HKCC2.npz_115500.npz,[],[],[],[]
HK.HKCC2.npz_112500.npz,[],[],[],[]
HK.HKCC2.npz_118500.npz,[],[],[],[]
HK.HKCC2.npz_111000.npz,[],[],[],[]
HK.HKCC2.npz_127500.npz,[],[],[],[]
HK.HKCC2.npz_126000.npz,[],[],[],[]
HK.HKCC2.npz_129000.npz,[],[],[],[]
HK.HKCC2.npz_109500.npz,[],[],[],[]
HK.HKCC2.npz_108000.npz,[],[],[],[]
HK.HKCC2.npz_123000.npz,[],[],[],[]
HK.HKCC2.npz_138000.npz,[],[],[],[]
HK.HKCC2.npz_124500.npz,[],[],[],[]
HK.HKCC2.npz_130500.npz,[],[],[],[]
HK.HKCC2.npz_139500.npz,[],[],[],[]
HK.HKCC2.npz_120000.npz,[],[],[],[]
HK.HKCC2.npz_150000.npz,[],[],[],[]
HK.HKCC2.npz_141000.npz,[],[],[],[]
HK.HKCC2.npz_121500.npz,[],[],[],[]
HK.HKCC2.npz_135000.npz,[],[],[],[]
HK.HKCC2.npz_151500.npz,[],[],[],[]
HK.HKCC2.npz_132000.npz,[],[],[],[]
HK.HKCC2.npz_136500.npz,[],[],[],[]
HK.HKCC2.npz_142500.npz,[],[],[],[]
HK.HKCC2.npz_162000.npz,[],[],[],[]
HK.HKCC2.npz_144000.npz,[],[],[],[]
HK.HKCC2.npz_147000.npz,[],[],[],[]
HK.HKCC2.npz_133500.npz,[],[],[],[]
HK.HKCC2.npz_163500.npz,[],[],[],[]
HK.HKCC2.npz_153000.npz,[],[],[],[]
HK.HKCC2.npz_148500.npz,[],[],[227],[ 0.37325817]
HK.HKCC2.npz_174000.npz,[],[],[],[]
HK.HKCC2.npz_159000.npz,[],[],[],[]
HK.HKCC2.npz_156000.npz,[],[],[],[]
HK.HKCC2.npz_154500.npz,[],[],[],[]
HK.HKCC2.npz_175500.npz,[],[],[],[]
HK.HKCC2.npz_145500.npz,[],[],[],[]
HK.HKCC2.npz_186000.npz,[],[],[],[]
HK.HKCC2.npz_165000.npz,[],[],[],[]
HK.HKCC2.npz_160500.npz,[],[],[],[]
HK.HKCC2.npz_171000.npz,[],[],[],[]
HK.HKCC2.npz_166500.npz,[],[],[],[]
HK.HKCC2.npz_157500.npz,[],[],[],[]
HK.HKCC2.npz_187500.npz,[],[],[],[]
HK.HKCC2.npz_168000.npz,[],[],[],[]
HK.HKCC2.npz_177000.npz,[],[],[],[]
HK.HKCC2.npz_178500.npz,[],[],[],[]
HK.HKCC2.npz_183000.npz,[],[],[],[]
HK.HKCC2.npz_172500.npz,[],[],[],[]
HK.HKCC2.npz_198000.npz,[],[],[],[]
HK.HKCC2.npz_180000.npz,[],[],[],[]
HK.HKCC2.npz_199500.npz,[],[],[],[]
HK.HKCC2.npz_190500.npz,[],[],[],[]
HK.HKCC2.npz_189000.npz,[],[],[],[]
HK.HKCC2.npz_169500.npz,[],[],[],[]
HK.HKCC2.npz_195000.npz,[],[],[],[]
HK.HKCC2.npz_211500.npz,[],[],[],[]
HK.HKCC2.npz_210000.npz,[],[],[],[]
HK.HKCC2.npz_184500.npz,[],[],[],[]
HK.HKCC2.npz_192000.npz,[],[],[],[]
HK.HKCC2.npz_223500.npz,[],[],[],[]
HK.HKCC2.npz_181500.npz,[],[],[],[]
HK.HKCC2.npz_201000.npz,[],[],[],[]
HK.HKCC2.npz_207000.npz,[],[],[],[]
HK.HKCC2.npz_202500.npz,[],[],[],[]
HK.HKCC2.npz_196500.npz,[],[],[],[]
HK.HKCC2.npz_204000.npz,[],[],[],[]
HK.HKCC2.npz_193500.npz,[],[],[],[]
HK.HKCC2.npz_222000.npz,[],[],[],[]
HK.HKCC2.npz_235500.npz,[],[],[],[]
HK.HKCC2.npz_216000.npz,[],[],[],[]
HK.HKCC2.npz_214500.npz,[],[],[],[]
HK.HKCC2.npz_213000.npz,[],[],[],[]
HK.HKCC2.npz_208500.npz,[],[],[],[]
HK.HKCC2.npz_219000.npz,[],[],[],[]
HK.HKCC2.npz_228000.npz,[],[],[],[]
HK.HKCC2.npz_247500.npz,[],[],[],[]
HK.HKCC2.npz_205500.npz,[],[],[],[]
HK.HKCC2.npz_234000.npz,[],[],[],[]
HK.HKCC2.npz_226500.npz,[],[],[],[]
HK.HKCC2.npz_240000.npz,[],[],[],[]
HK.HKCC2.npz_231000.npz,[],[],[],[]
HK.HKCC2.npz_225000.npz,[],[],[],[]
HK.HKCC2.npz_259500.npz,[],[],[],[]
HK.HKCC2.npz_220500.npz,[],[],[],[]
HK.HKCC2.npz_217500.npz,[],[],[],[]
HK.HKCC2.npz_243000.npz,[],[],[],[]
HK.HKCC2.npz_238500.npz,[],[],[],[]
HK.HKCC2.npz_246000.npz,[],[],[],[]
HK.HKCC2.npz_252000.npz,[],[],[],[]
HK.HKCC2.npz_229500.npz,[],[],[],[]
HK.HKCC2.npz_237000.npz,[],[],[],[]
HK.HKCC2.npz_232500.npz,[],[],[],[]
HK.HKCC2.npz_271500.npz,[],[],[],[]
HK.HKCC2.npz_255000.npz,[],[],[],[]
HK.HKCC2.npz_264000.npz,[],[],[],[]
HK.HKCC2.npz_258000.npz,[],[],[],[]
HK.HKCC2.npz_249000.npz,[],[],[],[]
HK.HKCC2.npz_250500.npz,[],[],[],[]
HK.HKCC2.npz_241500.npz,[],[],[],[]
HK.HKCC2.npz_270000.npz,[],[],[],[]
HK.HKCC2.npz_283500.npz,[],[],[],[]
HK.HKCC2.npz_244500.npz,[],[],[],[]
HK.HKCC2.npz_267000.npz,[2440],[ 0.33178824],[],[]
HK.HKCC2.npz_276000.npz,[],[],[],[]
HK.HKCC2.npz_295500.npz,[],[],[],[]
HK.HKCC2.npz_282000.npz,[],[],[],[]
HK.HKCC2.npz_261000.npz,[],[],[],[]
HK.HKCC2.npz_253500.npz,[],[],[],[]
HK.HKCC2.npz_262500.npz,[],[],[],[]
HK.HKCC2.npz_307500.npz,[],[],[],[]
HK.HKCC2.npz_256500.npz,[],[],[],[]
HK.HKCC2.npz_279000.npz,[],[],[],[]
HK.HKCC2.npz_288000.npz,[],[],[],[]
HK.HKCC2.npz_294000.npz,[],[],[],[]
HK.HKCC2.npz_265500.npz,[],[],[],[]
HK.HKCC2.npz_319500.npz,[],[],[],[]
HK.HKCC2.npz_268500.npz,[],[],[],[]
HK.HKCC2.npz_273000.npz,[],[],[],[]
HK.HKCC2.npz_274500.npz,[],[],[],[]
HK.HKCC2.npz_291000.npz,[],[],[],[]
HK.HKCC2.npz_277500.npz,[],[],[],[]
HK.HKCC2.npz_331500.npz,[],[],[],[]
HK.HKCC2.npz_300000.npz,[],[],[],[]
HK.HKCC2.npz_306000.npz,[],[],[],[]
HK.HKCC2.npz_303000.npz,[],[],[],[]
HK.HKCC2.npz_286500.npz,[],[],[],[]
HK.HKCC2.npz_285000.npz,[],[],[],[]
HK.HKCC2.npz_289500.npz,[],[],[],[]
HK.HKCC2.npz_280500.npz,[],[],[],[]
HK.HKCC2.npz_312000.npz,[],[],[],[]
HK.HKCC2.npz_298500.npz,[],[],[],[]
HK.HKCC2.npz_315000.npz,[],[],[],[]
HK.HKCC2.npz_343500.npz,[],[],[],[]
HK.HKCC2.npz_318000.npz,[],[],[],[]
HK.HKCC2.npz_292500.npz,[],[],[],[]
HK.HKCC2.npz_297000.npz,[],[],[],[]
HK.HKCC2.npz_310500.npz,[],[],[],[]
HK.HKCC2.npz_324000.npz,[],[],[],[]
HK.HKCC2.npz_301500.npz,[],[],[],[]
HK.HKCC2.npz_355500.npz,[],[],[],[]
HK.HKCC2.npz_330000.npz,[],[],[],[]
HK.HKCC2.npz_327000.npz,[],[],[],[]
HK.HKCC2.npz_304500.npz,[],[],[],[]
HK.HKCC2.npz_309000.npz,[],[],[],[]
HK.HKCC2.npz_367500.npz,[],[],[],[]
HK.HKCC2.npz_313500.npz,[],[],[],[]
HK.HKCC2.npz_342000.npz,[],[],[],[]
HK.HKCC2.npz_322500.npz,[],[],[],[]
HK.HKCC2.npz_336000.npz,[],[],[],[]
HK.HKCC2.npz_325500.npz,[],[],[],[]
HK.HKCC2.npz_379500.npz,[],[],[],[]
HK.HKCC2.npz_339000.npz,[],[],[],[]
HK.HKCC2.npz_316500.npz,[],[],[],[]
HK.HKCC2.npz_321000.npz,[],[],[],[]
HK.HKCC2.npz_337500.npz,[],[],[],[]
HK.HKCC2.npz_334500.npz,[],[],[],[]
HK.HKCC2.npz_354000.npz,[],[],[],[]
HK.HKCC2.npz_348000.npz,[],[],[],[]
HK.HKCC2.npz_391500.npz,[],[],[],[]
HK.HKCC2.npz_328500.npz,[],[],[],[]
HK.HKCC2.npz_333000.npz,[],[],[],[]
HK.HKCC2.npz_346500.npz,[],[],[],[]
HK.HKCC2.npz_351000.npz,[],[],[],[]
HK.HKCC2.npz_349500.npz,[],[],[],[]
HK.HKCC2.npz_345000.npz,[],[],[],[]
HK.HKCC2.npz_366000.npz,[],[],[],[]
HK.HKCC2.npz_403500.npz,[],[],[],[]
HK.HKCC2.npz_360000.npz,[],[],[],[]
HK.HKCC2.npz_340500.npz,[],[],[],[]
HK.HKCC2.npz_361500.npz,[],[],[],[]
HK.HKCC2.npz_363000.npz,[],[],[],[]
HK.HKCC2.npz_378000.npz,[],[],[],[]
HK.HKCC2.npz_357000.npz,[],[],[],[]
HK.HKCC2.npz_358500.npz,[],[],[],[]
HK.HKCC2.npz_352500.npz,[],[],[],[]
HK.HKCC2.npz_415500.npz,[],[],[],[]
HK.HKCC2.npz_375000.npz,[],[],[],[]
HK.HKCC2.npz_372000.npz,[],[],[],[]
HK.HKCC2.npz_373500.npz,[],[],[],[]
HK.HKCC2.npz_369000.npz,[],[],[],[]
HK.HKCC2.npz_364500.npz,[],[],[],[]
HK.HKCC2.npz_427500.npz,[],[],[],[]
HK.HKCC2.npz_370500.npz,[],[],[],[]
HK.HKCC2.npz_390000.npz,[],[],[],[]
HK.HKCC2.npz_384000.npz,[],[],[],[]
HK.HKCC2.npz_381000.npz,[],[],[],[]
HK.HKCC2.npz_385500.npz,[],[],[],[]
HK.HKCC2.npz_376500.npz,[],[],[],[]
HK.HKCC2.npz_387000.npz,[],[],[],[]
HK.HKCC2.npz_396000.npz,[],[],[],[]
HK.HKCC2.npz_402000.npz,[],[],[],[]
HK.HKCC2.npz_382500.npz,[],[],[],[]
HK.HKCC2.npz_439500.npz,[],[],[],[]
HK.HKCC2.npz_393000.npz,[],[],[],[]
HK.HKCC2.npz_397500.npz,[],[],[],[]
HK.HKCC2.npz_414000.npz,[],[],[],[]
HK.HKCC2.npz_408000.npz,[],[],[],[]
HK.HKCC2.npz_388500.npz,[],[],[],[]
HK.HKCC2.npz_399000.npz,[],[],[],[]
HK.HKCC2.npz_409500.npz,[],[],[],[]
HK.HKCC2.npz_451500.npz,[],[],[],[]
HK.HKCC2.npz_405000.npz,[],[],[],[]
HK.HKCC2.npz_394500.npz,[],[],[],[]
HK.HKCC2.npz_426000.npz,[],[],[],[]
HK.HKCC2.npz_463500.npz,[],[],[],[]
HK.HKCC2.npz_411000.npz,[2793],[ 0.39609125],[],[]
HK.HKCC2.npz_400500.npz,[],[],[],[]
HK.HKCC2.npz_420000.npz,[],[],[],[]
HK.HKCC2.npz_421500.npz,[],[],[],[]
HK.HKCC2.npz_406500.npz,[],[],[],[]
HK.HKCC2.npz_438000.npz,[],[],[],[]
HK.HKCC2.npz_475500.npz,[],[],[],[]
HK.HKCC2.npz_417000.npz,[],[],[],[]
HK.HKCC2.npz_423000.npz,[],[],[],[]
HK.HKCC2.npz_412500.npz,[],[],[],[]
HK.HKCC2.npz_433500.npz,[],[],[],[]
HK.HKCC2.npz_418500.npz,[],[],[],[]
HK.HKCC2.npz_432000.npz,[],[],[],[]
HK.HKCC2.npz_450000.npz,[],[],[],[]
HK.HKCC2.npz_487500.npz,[],[],[],[]
HK.HKCC2.npz_435000.npz,[],[],[],[]
HK.HKCC2.npz_445500.npz,[],[],[],[]
HK.HKCC2.npz_424500.npz,[],[],[],[]
HK.HKCC2.npz_429000.npz,[],[],[],[]
HK.HKCC2.npz_447000.npz,[],[],[],[]
HK.HKCC2.npz_430500.npz,[],[],[],[]
HK.HKCC2.npz_499500.npz,[],[],[],[]
HK.HKCC2.npz_444000.npz,[],[],[],[]
HK.HKCC2.npz_462000.npz,[],[],[],[]
HK.HKCC2.npz_457500.npz,[],[],[],[]
HK.HKCC2.npz_436500.npz,[],[],[],[]
HK.HKCC2.npz_441000.npz,[],[],[],[]
HK.HKCC2.npz_442500.npz,[],[],[],[]
HK.HKCC2.npz_459000.npz,[],[],[],[]
HK.HKCC2.npz_448500.npz,[],[],[],[]
HK.HKCC2.npz_456000.npz,[],[],[],[]
HK.HKCC2.npz_511500.npz,[],[],[],[]
HK.HKCC2.npz_474000.npz,[],[],[],[]
HK.HKCC2.npz_469500.npz,[],[],[],[]
HK.HKCC2.npz_454500.npz,[],[],[],[]
HK.HKCC2.npz_460500.npz,[],[],[],[]
HK.HKCC2.npz_468000.npz,[],[],[],[]
HK.HKCC2.npz_471000.npz,[],[],[],[]
HK.HKCC2.npz_453000.npz,[],[],[],[]
HK.HKCC2.npz_486000.npz,[],[],[],[]
HK.HKCC2.npz_523500.npz,[],[],[],[]
HK.HKCC2.npz_481500.npz,[],[],[],[]
HK.HKCC2.npz_466500.npz,[],[],[],[]
HK.HKCC2.npz_472500.npz,[],[],[],[]
HK.HKCC2.npz_465000.npz,[],[],[],[]
HK.HKCC2.npz_498000.npz,[],[],[],[]
HK.HKCC2.npz_535500.npz,[],[],[],[]
HK.HKCC2.npz_483000.npz,[],[],[],[]
HK.HKCC2.npz_480000.npz,[],[],[],[]
HK.HKCC2.npz_510000.npz,[],[],[],[]
HK.HKCC2.npz_478500.npz,[],[],[],[]
HK.HKCC2.npz_493500.npz,[],[],[],[]
HK.HKCC2.npz_484500.npz,[],[],[],[]
HK.HKCC2.npz_477000.npz,[],[],[],[]
HK.HKCC2.npz_547500.npz,[],[],[],[]
HK.HKCC2.npz_522000.npz,[],[],[],[]
HK.HKCC2.npz_495000.npz,[],[],[],[]
HK.HKCC2.npz_490500.npz,[],[],[],[]
HK.HKCC2.npz_492000.npz,[],[],[],[]
HK.HKCC2.npz_559500.npz,[],[],[],[]
HK.HKCC2.npz_496500.npz,[],[],[],[]
HK.HKCC2.npz_489000.npz,[],[],[],[]
HK.HKCC2.npz_505500.npz,[],[],[],[]
HK.HKCC2.npz_534000.npz,[],[],[],[]
HK.HKCC2.npz_504000.npz,[],[],[],[]
HK.HKCC2.npz_502500.npz,[],[],[],[]
HK.HKCC2.npz_571500.npz,[],[],[],[]
HK.HKCC2.npz_508500.npz,[],[],[],[]
HK.HKCC2.npz_507000.npz,[],[],[],[]
HK.HKCC2.npz_516000.npz,[],[],[],[]
HK.HKCC2.npz_546000.npz,[],[],[],[]
HK.HKCC2.npz_514500.npz,[],[],[],[]
HK.HKCC2.npz_517500.npz,[],[],[],[]
HK.HKCC2.npz_501000.npz,[],[],[],[]
HK.HKCC2.npz_520500.npz,[],[],[],[]
HK.HKCC2.npz_583500.npz,[],[],[],[]
HK.HKCC2.npz_558000.npz,[],[],[],[]
HK.HKCC2.npz_528000.npz,[],[],[],[]
HK.HKCC2.npz_519000.npz,[],[],[],[]
HK.HKCC2.npz_526500.npz,[],[],[],[]
HK.HKCC2.npz_529500.npz,[],[],[],[]
HK.HKCC2.npz_595500.npz,[],[],[],[]
HK.HKCC2.npz_513000.npz,[],[],[],[]
HK.HKCC2.npz_532500.npz,[],[],[],[]
HK.HKCC2.npz_541500.npz,[],[],[],[]
HK.HKCC2.npz_531000.npz,[],[],[],[]
HK.HKCC2.npz_538500.npz,[],[],[],[]
HK.HKCC2.npz_570000.npz,[],[],[],[]
HK.HKCC2.npz_540000.npz,[],[],[],[]
HK.HKCC2.npz_544500.npz,[],[],[],[]
HK.HKCC2.npz_553500.npz,[],[],[],[]
HK.HKCC2.npz_525000.npz,[],[],[],[]
HK.HKCC2.npz_543000.npz,[],[],[],[]
HK.HKCC2.npz_607500.npz,[],[],[],[]
HK.HKCC2.npz_582000.npz,[],[],[],[]
HK.HKCC2.npz_550500.npz,[],[],[],[]
HK.HKCC2.npz_556500.npz,[],[],[],[]
HK.HKCC2.npz_565500.npz,[],[],[],[]
HK.HKCC2.npz_552000.npz,[],[],[],[]
HK.HKCC2.npz_537000.npz,[],[],[],[]
HK.HKCC2.npz_594000.npz,[],[],[],[]
HK.HKCC2.npz_555000.npz,[],[],[],[]
HK.HKCC2.npz_562500.npz,[],[],[],[]
HK.HKCC2.npz_619500.npz,[],[],[],[]
HK.HKCC2.npz_549000.npz,[],[],[],[]
HK.HKCC2.npz_568500.npz,[],[],[],[]
HK.HKCC2.npz_564000.npz,[],[],[],[]
HK.HKCC2.npz_606000.npz,[],[],[],[]
HK.HKCC2.npz_577500.npz,[],[],[],[]
HK.HKCC2.npz_561000.npz,[],[],[],[]
HK.HKCC2.npz_631500.npz,[],[],[],[]
HK.HKCC2.npz_567000.npz,[],[],[],[]
HK.HKCC2.npz_574500.npz,[],[],[],[]
HK.HKCC2.npz_580500.npz,[],[],[],[]
HK.HKCC2.npz_589500.npz,[],[],[],[]
HK.HKCC2.npz_618000.npz,[],[],[],[]
HK.HKCC2.npz_643500.npz,[],[],[],[]
HK.HKCC2.npz_576000.npz,[],[],[],[]
HK.HKCC2.npz_573000.npz,[],[],[],[]
HK.HKCC2.npz_579000.npz,[],[],[],[]
HK.HKCC2.npz_630000.npz,[],[],[],[]
HK.HKCC2.npz_586500.npz,[],[],[],[]
HK.HKCC2.npz_592500.npz,[],[],[],[]
HK.HKCC2.npz_601500.npz,[],[],[],[]
HK.HKCC2.npz_642000.npz,[],[],[],[]
HK.HKCC2.npz_591000.npz,[],[],[],[]
HK.HKCC2.npz_588000.npz,[],[],[],[]
HK.HKCC2.npz_585000.npz,[],[],[],[]
HK.HKCC2.npz_655500.npz,[],[],[],[]
HK.HKCC2.npz_604500.npz,[],[],[],[]
HK.HKCC2.npz_654000.npz,[],[],[],[]
HK.HKCC2.npz_613500.npz,[],[],[],[]
HK.HKCC2.npz_598500.npz,[],[],[],[]
HK.HKCC2.npz_603000.npz,[],[],[],[]
HK.HKCC2.npz_667500.npz,[],[],[],[]
HK.HKCC2.npz_616500.npz,[],[],[],[]
HK.HKCC2.npz_600000.npz,[],[],[],[]
HK.HKCC2.npz_666000.npz,[],[],[],[]
HK.HKCC2.npz_597000.npz,[],[],[],[]
HK.HKCC2.npz_615000.npz,[],[],[],[]
HK.HKCC2.npz_610500.npz,[],[],[],[]
HK.HKCC2.npz_679500.npz,[],[],[],[]
HK.HKCC2.npz_625500.npz,[],[],[],[]
HK.HKCC2.npz_628500.npz,[],[],[],[]
HK.HKCC2.npz_622500.npz,[],[],[],[]
HK.HKCC2.npz_612000.npz,[],[],[],[]
HK.HKCC2.npz_678000.npz,[],[],[],[]
HK.HKCC2.npz_609000.npz,[],[],[],[]
HK.HKCC2.npz_627000.npz,[],[],[],[]
HK.HKCC2.npz_624000.npz,[],[],[],[]
HK.HKCC2.npz_634500.npz,[],[],[],[]
HK.HKCC2.npz_691500.npz,[],[],[],[]
HK.HKCC2.npz_640500.npz,[],[],[],[]
HK.HKCC2.npz_637500.npz,[],[],[],[]
HK.HKCC2.npz_646500.npz,[],[],[],[]
HK.HKCC2.npz_639000.npz,[],[],[],[]
HK.HKCC2.npz_621000.npz,[2876],[ 0.6714666],[],[]
HK.HKCC2.npz_690000.npz,[],[],[],[]
HK.HKCC2.npz_636000.npz,[],[],[],[]
HK.HKCC2.npz_658500.npz,[],[],[],[]
HK.HKCC2.npz_649500.npz,[],[],[],[]
HK.HKCC2.npz_652500.npz,[],[],[],[]
HK.HKCC2.npz_703500.npz,[],[],[],[]
HK.HKCC2.npz_651000.npz,[],[],[],[]
HK.HKCC2.npz_633000.npz,[],[],[],[]
HK.HKCC2.npz_661500.npz,[],[],[],[]
HK.HKCC2.npz_702000.npz,[],[],[],[]
HK.HKCC2.npz_670500.npz,[],[],[],[]
HK.HKCC2.npz_648000.npz,[],[],[],[]
HK.HKCC2.npz_664500.npz,[],[],[],[]
HK.HKCC2.npz_673500.npz,[],[],[],[]
HK.HKCC2.npz_645000.npz,[],[],[],[]
HK.HKCC2.npz_715500.npz,[],[],[],[]
HK.HKCC2.npz_663000.npz,[],[],[],[]
HK.HKCC2.npz_714000.npz,[],[],[],[]
HK.HKCC2.npz_676500.npz,[],[],[],[]
HK.HKCC2.npz_685500.npz,[],[],[],[]
HK.HKCC2.npz_682500.npz,[],[],[],[]
HK.HKCC2.npz_660000.npz,[],[],[],[]
HK.HKCC2.npz_675000.npz,[],[],[],[]
HK.HKCC2.npz_726000.npz,[],[],[],[]
HK.HKCC2.npz_688500.npz,[],[],[],[]
HK.HKCC2.npz_727500.npz,[],[],[],[]
HK.HKCC2.npz_657000.npz,[],[],[],[]
HK.HKCC2.npz_694500.npz,[],[],[],[]
HK.HKCC2.npz_697500.npz,[],[],[],[]
HK.HKCC2.npz_687000.npz,[],[],[],[]
HK.HKCC2.npz_738000.npz,[],[],[],[]
HK.HKCC2.npz_672000.npz,[],[],[],[]
HK.HKCC2.npz_709500.npz,[],[],[],[]
HK.HKCC2.npz_739500.npz,[],[],[],[]
HK.HKCC2.npz_700500.npz,[],[],[],[]
HK.HKCC2.npz_706500.npz,[],[],[],[]
HK.HKCC2.npz_669000.npz,[],[],[],[]
HK.HKCC2.npz_684000.npz,[],[],[],[]
HK.HKCC2.npz_699000.npz,[],[],[],[]
HK.HKCC2.npz_721500.npz,[],[],[],[]
HK.HKCC2.npz_751500.npz,[],[],[],[]
HK.HKCC2.npz_750000.npz,[],[],[],[]
HK.HKCC2.npz_696000.npz,[],[],[],[]
HK.HKCC2.npz_711000.npz,[],[],[],[]
HK.HKCC2.npz_712500.npz,[],[],[],[]
HK.HKCC2.npz_718500.npz,[],[],[],[]
HK.HKCC2.npz_681000.npz,[],[],[],[]
HK.HKCC2.npz_723000.npz,[],[],[],[]
HK.HKCC2.npz_763500.npz,[],[],[],[]
HK.HKCC2.npz_733500.npz,[],[],[],[]
HK.HKCC2.npz_762000.npz,[],[],[],[]
HK.HKCC2.npz_708000.npz,[],[],[],[]
HK.HKCC2.npz_775500.npz,[],[],[],[]
HK.HKCC2.npz_724500.npz,[],[],[],[]
HK.HKCC2.npz_735000.npz,[],[],[],[]
HK.HKCC2.npz_730500.npz,[],[],[],[]
HK.HKCC2.npz_693000.npz,[],[],[],[]
HK.HKCC2.npz_787500.npz,[],[],[],[]
HK.HKCC2.npz_745500.npz,[],[],[],[]
HK.HKCC2.npz_720000.npz,[],[],[],[]
HK.HKCC2.npz_774000.npz,[],[],[],[]
HK.HKCC2.npz_736500.npz,[],[],[],[]
HK.HKCC2.npz_705000.npz,[],[],[],[]
HK.HKCC2.npz_742500.npz,[],[],[],[]
HK.HKCC2.npz_747000.npz,[],[],[],[]
HK.HKCC2.npz_799500.npz,[],[],[],[]
HK.HKCC2.npz_757500.npz,[],[],[],[]
HK.HKCC2.npz_786000.npz,[],[],[],[]
HK.HKCC2.npz_754500.npz,[],[],[],[]
HK.HKCC2.npz_748500.npz,[],[],[],[]
HK.HKCC2.npz_732000.npz,[],[],[],[]
HK.HKCC2.npz_717000.npz,[],[],[],[]
HK.HKCC2.npz_766500.npz,[],[],[1671],[ 0.32759285]
HK.HKCC2.npz_769500.npz,[],[],[],[]
HK.HKCC2.npz_798000.npz,[],[],[],[]
HK.HKCC2.npz_811500.npz,[],[],[],[]
HK.HKCC2.npz_759000.npz,[],[],[],[]
HK.HKCC2.npz_744000.npz,[],[],[],[]
HK.HKCC2.npz_729000.npz,[],[],[],[]
HK.HKCC2.npz_760500.npz,[],[],[],[]
HK.HKCC2.npz_781500.npz,[],[],[],[]
HK.HKCC2.npz_778500.npz,[],[],[],[]
HK.HKCC2.npz_823500.npz,[],[],[],[]
HK.HKCC2.npz_741000.npz,[],[],[],[]
HK.HKCC2.npz_810000.npz,[],[],[],[]
HK.HKCC2.npz_756000.npz,[],[],[],[]
HK.HKCC2.npz_771000.npz,[],[],[],[]
HK.HKCC2.npz_835500.npz,[541],[ 0.5994193],[],[]
HK.HKCC2.npz_793500.npz,[],[],[],[]
HK.HKCC2.npz_790500.npz,[],[],[],[]
HK.HKCC2.npz_772500.npz,[],[],[],[]
HK.HKCC2.npz_753000.npz,[],[],[],[]
HK.HKCC2.npz_805500.npz,[],[],[],[]
HK.HKCC2.npz_768000.npz,[],[],[160],[ 0.46307474]
HK.HKCC2.npz_822000.npz,[],[],[],[]
HK.HKCC2.npz_847500.npz,[],[],[],[]
HK.HKCC2.npz_783000.npz,[],[],[],[]
HK.HKCC2.npz_817500.npz,[],[],[],[]
HK.HKCC2.npz_784500.npz,[],[],[],[]
HK.HKCC2.npz_780000.npz,[],[],[],[]
HK.HKCC2.npz_802500.npz,[],[],[],[]
HK.HKCC2.npz_765000.npz,[],[],[],[]
HK.HKCC2.npz_859500.npz,[],[],[],[]
HK.HKCC2.npz_795000.npz,[],[],[],[]
HK.HKCC2.npz_829500.npz,[],[],[],[]
HK.HKCC2.npz_834000.npz,[2042],[ 0.9015268],[],[]
HK.HKCC2.npz_796500.npz,[],[],[],[]
HK.HKCC2.npz_807000.npz,[],[],[],[]
HK.HKCC2.npz_814500.npz,[],[],[],[]
HK.HKCC2.npz_871500.npz,[],[],[],[]
HK.HKCC2.npz_777000.npz,[],[],[],[]
HK.HKCC2.npz_792000.npz,[],[],[],[]
HK.HKCC2.npz_819000.npz,[],[],[],[]
HK.HKCC2.npz_846000.npz,[],[],[],[]
HK.HKCC2.npz_841500.npz,[],[],[],[]
HK.HKCC2.npz_826500.npz,[],[],[],[]
HK.HKCC2.npz_808500.npz,[],[],[],[]
HK.HKCC2.npz_789000.npz,[],[],[],[]
HK.HKCC2.npz_831000.npz,[],[],[],[]
HK.HKCC2.npz_804000.npz,[],[],[],[]
HK.HKCC2.npz_883500.npz,[],[],[],[]
HK.HKCC2.npz_858000.npz,[],[],[],[]
HK.HKCC2.npz_801000.npz,[],[],[],[]
HK.HKCC2.npz_843000.npz,[],[],[],[]
HK.HKCC2.npz_838500.npz,[],[],[],[]
HK.HKCC2.npz_820500.npz,[],[],[],[]
HK.HKCC2.npz_853500.npz,[],[],[],[]
HK.HKCC2.npz_816000.npz,[],[],[],[]
HK.HKCC2.npz_855000.npz,[],[],[],[]
HK.HKCC2.npz_813000.npz,[],[],[],[]
HK.HKCC2.npz_895500.npz,[],[],[],[]
HK.HKCC2.npz_870000.npz,[],[],[],[]
HK.HKCC2.npz_867000.npz,[],[],[],[]
HK.HKCC2.npz_828000.npz,[],[],[],[]
HK.HKCC2.npz_850500.npz,[],[],[],[]
HK.HKCC2.npz_865500.npz,[],[],[],[]
HK.HKCC2.npz_832500.npz,[],[],[],[]
HK.HKCC2.npz_825000.npz,[],[],[],[]
HK.HKCC2.npz_840000.npz,[],[],[],[]
HK.HKCC2.npz_907500.npz,[],[],[],[]
HK.HKCC2.npz_879000.npz,[],[],[],[]
HK.HKCC2.npz_882000.npz,[],[],[],[]
HK.HKCC2.npz_877500.npz,[],[],[],[]
HK.HKCC2.npz_862500.npz,[],[],[],[]
HK.HKCC2.npz_844500.npz,[],[],[],[]
HK.HKCC2.npz_852000.npz,[],[],[],[]
HK.HKCC2.npz_837000.npz,[],[],[],[]
HK.HKCC2.npz_889500.npz,[],[],[],[]
HK.HKCC2.npz_919500.npz,[],[],[],[]
HK.HKCC2.npz_874500.npz,[],[],[],[]
HK.HKCC2.npz_891000.npz,[],[],[],[]
HK.HKCC2.npz_894000.npz,[],[],[],[]
HK.HKCC2.npz_849000.npz,[],[],[],[]
HK.HKCC2.npz_856500.npz,[],[],[],[]
HK.HKCC2.npz_901500.npz,[],[],[],[]
HK.HKCC2.npz_864000.npz,[],[],[],[]
HK.HKCC2.npz_931500.npz,[],[],[],[]
HK.HKCC2.npz_906000.npz,[],[],[],[]
HK.HKCC2.npz_886500.npz,[2812],[ 0.7455166],[],[]
HK.HKCC2.npz_868500.npz,[],[],[],[]
HK.HKCC2.npz_861000.npz,[],[],[],[]
HK.HKCC2.npz_903000.npz,[],[],[263],[ 0.37317577]
HK.HKCC2.npz_918000.npz,[],[],[],[]
HK.HKCC2.npz_898500.npz,[],[],[],[]
HK.HKCC2.npz_876000.npz,[],[],[],[]
HK.HKCC2.npz_913500.npz,[],[],[],[]
HK.HKCC2.npz_943500.npz,[],[],[],[]
HK.HKCC2.npz_880500.npz,[],[],[],[]
HK.HKCC2.npz_873000.npz,[],[],[],[]
HK.HKCC2.npz_915000.npz,[],[],[],[]
HK.HKCC2.npz_910500.npz,[],[],[],[]
HK.HKCC2.npz_930000.npz,[],[],[],[]
HK.HKCC2.npz_892500.npz,[],[],[],[]
HK.HKCC2.npz_955500.npz,[],[],[],[]
HK.HKCC2.npz_885000.npz,[],[],[],[]
HK.HKCC2.npz_888000.npz,[],[],[],[]
HK.HKCC2.npz_925500.npz,[],[],[],[]
HK.HKCC2.npz_967500.npz,[],[],[],[]
HK.HKCC2.npz_922500.npz,[],[],[],[]
HK.HKCC2.npz_927000.npz,[],[],[],[]
HK.HKCC2.npz_904500.npz,[],[],[],[]
HK.HKCC2.npz_942000.npz,[],[],[],[]
HK.HKCC2.npz_897000.npz,[],[],[],[]
HK.HKCC2.npz_934500.npz,[],[],[],[]
HK.HKCC2.npz_979500.npz,[],[],[],[]
HK.HKCC2.npz_937500.npz,[],[],[],[]
HK.HKCC2.npz_900000.npz,[],[],[],[]
HK.HKCC2.npz_939000.npz,[],[],[],[]
HK.HKCC2.npz_909000.npz,[],[],[],[]
HK.HKCC2.npz_954000.npz,[],[],[987],[ 0.47936085]
HK.HKCC2.npz_946500.npz,[],[],[],[]
HK.HKCC2.npz_916500.npz,[],[],[],[]
HK.HKCC2.npz_912000.npz,[],[],[],[]
HK.HKCC2.npz_951000.npz,[],[],[],[]
HK.HKCC2.npz_949500.npz,[],[],[],[]
HK.HKCC2.npz_991500.npz,[],[],[],[]
HK.HKCC2.npz_921000.npz,[],[],[],[]
HK.HKCC2.npz_928500.npz,[],[],[],[]
HK.HKCC2.npz_924000.npz,[],[],[],[]
HK.HKCC2.npz_958500.npz,[],[],[],[]
HK.HKCC2.npz_966000.npz,[],[],[],[]
HK.HKCC2.npz_963000.npz,[],[],[],[]
HK.HKCC2.npz_940500.npz,[],[],[],[]
HK.HKCC2.npz_1003500.npz,[],[],[],[]
HK.HKCC2.npz_961500.npz,[],[],[],[]
HK.HKCC2.npz_933000.npz,[],[],[],[]
HK.HKCC2.npz_936000.npz,[],[],[],[]
HK.HKCC2.npz_952500.npz,[2480],[ 0.74971926],[],[]
HK.HKCC2.npz_975000.npz,[],[],[],[]
HK.HKCC2.npz_978000.npz,[],[],[],[]
HK.HKCC2.npz_1015500.npz,[],[],[],[]
HK.HKCC2.npz_970500.npz,[],[],[],[]
HK.HKCC2.npz_964500.npz,[],[],[],[]
HK.HKCC2.npz_948000.npz,[],[],[],[]
HK.HKCC2.npz_987000.npz,[],[],[],[]
HK.HKCC2.npz_973500.npz,[],[],[],[]
HK.HKCC2.npz_945000.npz,[],[],[],[]
HK.HKCC2.npz_976500.npz,[],[],[],[]
HK.HKCC2.npz_960000.npz,[],[],[],[]
HK.HKCC2.npz_1027500.npz,[],[],[],[]
HK.HKCC2.npz_990000.npz,[],[],[],[]
HK.HKCC2.npz_982500.npz,[],[],[],[]
HK.HKCC2.npz_957000.npz,[],[],[],[]
HK.HKCC2.npz_985500.npz,[],[],[],[]
HK.HKCC2.npz_988500.npz,[],[],[],[]
HK.HKCC2.npz_999000.npz,[],[],[],[]
HK.HKCC2.npz_972000.npz,[],[],[],[]
HK.HKCC2.npz_1002000.npz,[],[],[],[]
HK.HKCC2.npz_997500.npz,[],[],[],[]
HK.HKCC2.npz_1039500.npz,[],[],[],[]
HK.HKCC2.npz_969000.npz,[],[],[],[]
HK.HKCC2.npz_994500.npz,[],[],[],[]
HK.HKCC2.npz_1014000.npz,[],[],[],[]
HK.HKCC2.npz_984000.npz,[],[],[],[]
HK.HKCC2.npz_1000500.npz,[],[],[],[]
HK.HKCC2.npz_1009500.npz,[],[],[],[]
HK.HKCC2.npz_1011000.npz,[],[],[],[]
HK.HKCC2.npz_1051500.npz,[],[],[],[]
HK.HKCC2.npz_981000.npz,[],[],[],[]
HK.HKCC2.npz_1026000.npz,[],[],[],[]
HK.HKCC2.npz_1006500.npz,[],[],[],[]
HK.HKCC2.npz_996000.npz,[],[],[],[]
HK.HKCC2.npz_1063500.npz,[],[],[],[]
HK.HKCC2.npz_993000.npz,[],[],[],[]
HK.HKCC2.npz_1012500.npz,[],[],[],[]
HK.HKCC2.npz_1023000.npz,[],[],[],[]
HK.HKCC2.npz_1021500.npz,[],[],[],[]
HK.HKCC2.npz_1075500.npz,[],[],[],[]
HK.HKCC2.npz_1008000.npz,[],[],[],[]
HK.HKCC2.npz_1038000.npz,[],[],[],[]
HK.HKCC2.npz_1018500.npz,[],[],[],[]
HK.HKCC2.npz_1005000.npz,[],[],[],[]
HK.HKCC2.npz_1024500.npz,[],[],[],[]
HK.HKCC2.npz_1020000.npz,[],[],[],[]
HK.HKCC2.npz_1033500.npz,[],[],[],[]
HK.HKCC2.npz_1087500.npz,[],[],[],[]
HK.HKCC2.npz_1035000.npz,[],[],[],[]
HK.HKCC2.npz_1036500.npz,[],[],[],[]
HK.HKCC2.npz_1017000.npz,[],[],[],[]
HK.HKCC2.npz_1050000.npz,[],[],[],[]
HK.HKCC2.npz_1030500.npz,[],[],[],[]
HK.HKCC2.npz_1032000.npz,[],[],[],[]
HK.HKCC2.npz_1047000.npz,[],[],[],[]
HK.HKCC2.npz_1099500.npz,[],[],[],[]
HK.HKCC2.npz_1045500.npz,[],[],[],[]
HK.HKCC2.npz_1029000.npz,[],[],[],[]
HK.HKCC2.npz_1048500.npz,[],[],[],[]
HK.HKCC2.npz_1062000.npz,[],[],[],[]
HK.HKCC2.npz_1044000.npz,[],[],[],[]
HK.HKCC2.npz_1111500.npz,[],[],[],[]
HK.HKCC2.npz_1059000.npz,[],[],[],[]
HK.HKCC2.npz_1042500.npz,[],[],[],[]
HK.HKCC2.npz_1074000.npz,[],[],[],[]
HK.HKCC2.npz_1057500.npz,[],[],[],[]
HK.HKCC2.npz_1056000.npz,[],[],[],[]
HK.HKCC2.npz_1060500.npz,[],[],[],[]
HK.HKCC2.npz_1041000.npz,[],[],[],[]
HK.HKCC2.npz_1069500.npz,[],[],[],[]
HK.HKCC2.npz_1054500.npz,[],[],[],[]
HK.HKCC2.npz_1123500.npz,[],[],[],[]
HK.HKCC2.npz_1071000.npz,[],[],[],[]
HK.HKCC2.npz_1086000.npz,[],[],[],[]
HK.HKCC2.npz_1081500.npz,[],[],[],[]
HK.HKCC2.npz_1066500.npz,[],[],[],[]
HK.HKCC2.npz_1068000.npz,[],[],[],[]
HK.HKCC2.npz_1053000.npz,[],[],[],[]
HK.HKCC2.npz_1072500.npz,[],[],[],[]
HK.HKCC2.npz_1083000.npz,[],[],[],[]
HK.HKCC2.npz_1093500.npz,[],[],[],[]
HK.HKCC2.npz_1098000.npz,[],[],[],[]
HK.HKCC2.npz_1078500.npz,[],[],[],[]
HK.HKCC2.npz_1135500.npz,[],[],[],[]
HK.HKCC2.npz_1080000.npz,[],[],[],[]
HK.HKCC2.npz_1084500.npz,[],[],[],[]
HK.HKCC2.npz_1105500.npz,[],[],[],[]
HK.HKCC2.npz_1095000.npz,[],[],[],[]
HK.HKCC2.npz_1065000.npz,[],[],[],[]
HK.HKCC2.npz_1110000.npz,[],[],[],[]
HK.HKCC2.npz_1092000.npz,[],[],[],[]
HK.HKCC2.npz_1096500.npz,[],[],[],[]
HK.HKCC2.npz_1090500.npz,[],[],[],[]
HK.HKCC2.npz_1147500.npz,[],[],[],[]
HK.HKCC2.npz_1107000.npz,[],[],[],[]
HK.HKCC2.npz_1104000.npz,[],[],[],[]
HK.HKCC2.npz_1077000.npz,[],[],[],[]
HK.HKCC2.npz_1122000.npz,[],[],[],[]
HK.HKCC2.npz_1117500.npz,[],[],[],[]
HK.HKCC2.npz_1102500.npz,[],[],[],[]
HK.HKCC2.npz_1108500.npz,[],[],[],[]
HK.HKCC2.npz_1116000.npz,[],[],[],[]
HK.HKCC2.npz_1159500.npz,[],[],[],[]
HK.HKCC2.npz_1119000.npz,[],[],[],[]
HK.HKCC2.npz_1089000.npz,[],[],[],[]
HK.HKCC2.npz_1129500.npz,[],[],[],[]
HK.HKCC2.npz_1120500.npz,[],[],[],[]
HK.HKCC2.npz_1134000.npz,[],[],[],[]
HK.HKCC2.npz_1114500.npz,[],[],[],[]
HK.HKCC2.npz_1171500.npz,[],[],[],[]
HK.HKCC2.npz_1101000.npz,[],[],[],[]
HK.HKCC2.npz_1131000.npz,[],[],[],[]
HK.HKCC2.npz_1128000.npz,[],[],[],[]
HK.HKCC2.npz_1141500.npz,[],[],[],[]
HK.HKCC2.npz_1183500.npz,[],[],[],[]
HK.HKCC2.npz_1126500.npz,[],[],[],[]
HK.HKCC2.npz_1113000.npz,[],[],[],[]
HK.HKCC2.npz_1146000.npz,[],[],[],[]
HK.HKCC2.npz_1132500.npz,[],[],[],[]
HK.HKCC2.npz_1138500.npz,[],[],[],[]
HK.HKCC2.npz_1143000.npz,[],[],[],[]
HK.HKCC2.npz_1153500.npz,[],[],[],[]
HK.HKCC2.npz_1140000.npz,[],[],[],[]
HK.HKCC2.npz_1195500.npz,[],[],[],[]
HK.HKCC2.npz_1155000.npz,[],[],[],[]
HK.HKCC2.npz_1158000.npz,[],[],[],[]
HK.HKCC2.npz_1144500.npz,[],[],[],[]
HK.HKCC2.npz_1150500.npz,[],[],[],[]
HK.HKCC2.npz_1125000.npz,[],[],[],[]
HK.HKCC2.npz_1207500.npz,[],[],[],[]
HK.HKCC2.npz_1165500.npz,[],[],[],[]
HK.HKCC2.npz_1170000.npz,[],[],[],[]
HK.HKCC2.npz_1152000.npz,[],[],[],[]
HK.HKCC2.npz_1167000.npz,[],[],[],[]
HK.HKCC2.npz_1156500.npz,[],[],[],[]
HK.HKCC2.npz_1219500.npz,[],[],[],[]
HK.HKCC2.npz_1162500.npz,[],[],[],[]
HK.HKCC2.npz_1137000.npz,[],[],[],[]
HK.HKCC2.npz_1177500.npz,[],[],[],[]
HK.HKCC2.npz_1182000.npz,[],[],[],[]
HK.HKCC2.npz_1179000.npz,[],[],[],[]
HK.HKCC2.npz_1164000.npz,[],[],[],[]
HK.HKCC2.npz_1168500.npz,[],[],[],[]
HK.HKCC2.npz_1231500.npz,[],[],[],[]
HK.HKCC2.npz_1194000.npz,[],[],[],[]
HK.HKCC2.npz_1149000.npz,[],[],[],[]
HK.HKCC2.npz_1189500.npz,[],[],[],[]
HK.HKCC2.npz_1191000.npz,[],[],[],[]
HK.HKCC2.npz_1174500.npz,[],[],[],[]
HK.HKCC2.npz_1180500.npz,[],[],[],[]
HK.HKCC2.npz_1176000.npz,[],[],[],[]
HK.HKCC2.npz_1206000.npz,[],[],[],[]
HK.HKCC2.npz_1243500.npz,[],[],[],[]
HK.HKCC2.npz_1161000.npz,[],[],[],[]
HK.HKCC2.npz_1188000.npz,[],[],[],[]
HK.HKCC2.npz_1201500.npz,[],[],[],[]
HK.HKCC2.npz_1186500.npz,[],[],[],[]
HK.HKCC2.npz_1203000.npz,[],[],[],[]
HK.HKCC2.npz_1192500.npz,[],[],[],[]
HK.HKCC2.npz_1173000.npz,[],[],[],[]
HK.HKCC2.npz_1213500.npz,[],[],[],[]
HK.HKCC2.npz_1218000.npz,[],[],[],[]
HK.HKCC2.npz_1255500.npz,[],[],[],[]
HK.HKCC2.npz_1200000.npz,[],[],[],[]
HK.HKCC2.npz_1198500.npz,[],[],[],[]
HK.HKCC2.npz_1215000.npz,[],[],[],[]
HK.HKCC2.npz_1225500.npz,[],[],[],[]
HK.HKCC2.npz_1204500.npz,[],[],[],[]
HK.HKCC2.npz_1185000.npz,[],[],[],[]
HK.HKCC2.npz_1212000.npz,[],[],[],[]
HK.HKCC2.npz_1267500.npz,[],[],[183],[ 0.3723829]
HK.HKCC2.npz_1210500.npz,[],[],[],[]
HK.HKCC2.npz_1230000.npz,[],[],[],[]
HK.HKCC2.npz_1227000.npz,[],[],[],[]
HK.HKCC2.npz_1279500.npz,[],[],[],[]
HK.HKCC2.npz_1237500.npz,[],[],[],[]
HK.HKCC2.npz_1197000.npz,[],[],[],[]
HK.HKCC2.npz_1224000.npz,[],[],[],[]
HK.HKCC2.npz_1216500.npz,[],[],[],[]
HK.HKCC2.npz_1222500.npz,[],[],[],[]
HK.HKCC2.npz_1249500.npz,[],[],[],[]
HK.HKCC2.npz_1291500.npz,[],[],[],[]
HK.HKCC2.npz_1242000.npz,[],[],[],[]
HK.HKCC2.npz_1239000.npz,[],[],[],[]
HK.HKCC2.npz_1228500.npz,[],[],[],[]
HK.HKCC2.npz_1209000.npz,[],[],[],[]
HK.HKCC2.npz_1234500.npz,[],[],[],[]
HK.HKCC2.npz_1236000.npz,[],[],[],[]
HK.HKCC2.npz_1261500.npz,[],[],[],[]
HK.HKCC2.npz_1254000.npz,[],[],[],[]
HK.HKCC2.npz_1303500.npz,[],[],[],[]
HK.HKCC2.npz_1240500.npz,[],[],[],[]
HK.HKCC2.npz_1221000.npz,[],[],[],[]
HK.HKCC2.npz_1251000.npz,[2841],[ 0.30081138],[],[]
HK.HKCC2.npz_1273500.npz,[],[],[],[]
HK.HKCC2.npz_1246500.npz,[],[],[],[]
HK.HKCC2.npz_1315500.npz,[],[],[],[]
HK.HKCC2.npz_1248000.npz,[],[],[848],[ 0.6567189]
HK.HKCC2.npz_1266000.npz,[],[],[],[]
HK.HKCC2.npz_1258500.npz,[],[],[],[]
HK.HKCC2.npz_1285500.npz,[2697],[ 0.5538051],[],[]
HK.HKCC2.npz_1263000.npz,[],[],[],[]
HK.HKCC2.npz_1252500.npz,[],[],[],[]
HK.HKCC2.npz_1233000.npz,[],[],[],[]
HK.HKCC2.npz_1297500.npz,[],[],[],[]
HK.HKCC2.npz_1327500.npz,[],[],[],[]
HK.HKCC2.npz_1260000.npz,[],[],[],[]
HK.HKCC2.npz_1270500.npz,[],[],[],[]
HK.HKCC2.npz_1278000.npz,[],[],[],[]
HK.HKCC2.npz_1309500.npz,[],[],[],[]
HK.HKCC2.npz_1264500.npz,[],[],[],[]
HK.HKCC2.npz_1275000.npz,[],[],[],[]
HK.HKCC2.npz_1339500.npz,[],[],[],[]
HK.HKCC2.npz_1245000.npz,[],[],[],[]
HK.HKCC2.npz_1282500.npz,[],[],[],[]
HK.HKCC2.npz_1321500.npz,[],[],[],[]
HK.HKCC2.npz_1276500.npz,[],[],[],[]
HK.HKCC2.npz_1272000.npz,[],[],[],[]
HK.HKCC2.npz_1290000.npz,[],[],[],[]
HK.HKCC2.npz_1351500.npz,[],[],[],[]
HK.HKCC2.npz_1257000.npz,[],[],[],[]
HK.HKCC2.npz_1287000.npz,[],[],[],[]
HK.HKCC2.npz_1294500.npz,[],[],[],[]
HK.HKCC2.npz_1333500.npz,[],[],[],[]
HK.HKCC2.npz_1288500.npz,[],[],[],[]
HK.HKCC2.npz_1269000.npz,[],[],[],[]
HK.HKCC2.npz_1363500.npz,[],[],[],[]
HK.HKCC2.npz_1302000.npz,[],[],[],[]
HK.HKCC2.npz_1284000.npz,[],[],[],[]
HK.HKCC2.npz_1345500.npz,[],[],[],[]
HK.HKCC2.npz_1300500.npz,[],[],[],[]
HK.HKCC2.npz_1281000.npz,[],[],[],[]
HK.HKCC2.npz_1299000.npz,[],[],[],[]
HK.HKCC2.npz_1306500.npz,[],[],[],[]
HK.HKCC2.npz_1375500.npz,[],[],[],[]
HK.HKCC2.npz_1357500.npz,[],[],[],[]
HK.HKCC2.npz_1314000.npz,[],[],[],[]
HK.HKCC2.npz_1312500.npz,[],[],[],[]
HK.HKCC2.npz_1296000.npz,[],[],[],[]
HK.HKCC2.npz_1318500.npz,[2939],[ 0.32759154],[],[]
HK.HKCC2.npz_1293000.npz,[],[],[],[]
HK.HKCC2.npz_1369500.npz,[],[],[],[]
HK.HKCC2.npz_1311000.npz,[],[],[],[]
HK.HKCC2.npz_1387500.npz,[],[],[],[]
HK.HKCC2.npz_1324500.npz,[],[],[],[]
HK.HKCC2.npz_1326000.npz,[],[],[],[]
HK.HKCC2.npz_1308000.npz,[],[],[],[]
HK.HKCC2.npz_1330500.npz,[],[],[],[]
HK.HKCC2.npz_1305000.npz,[],[],[],[]
HK.HKCC2.npz_1336500.npz,[],[],[],[]
HK.HKCC2.npz_1381500.npz,[],[],[],[]
HK.HKCC2.npz_1323000.npz,[],[],[],[]
HK.HKCC2.npz_1399500.npz,[],[],[],[]
HK.HKCC2.npz_1338000.npz,[],[],[],[]
HK.HKCC2.npz_1348500.npz,[],[],[],[]
HK.HKCC2.npz_1317000.npz,[],[],[],[]
HK.HKCC2.npz_1342500.npz,[],[],[],[]
HK.HKCC2.npz_1393500.npz,[],[],[],[]
HK.HKCC2.npz_1320000.npz,[],[],[],[]
HK.HKCC2.npz_1329000.npz,[],[],[],[]
HK.HKCC2.npz_1411500.npz,[],[],[],[]
HK.HKCC2.npz_1335000.npz,[],[],[],[]
HK.HKCC2.npz_1350000.npz,[],[],[],[]
HK.HKCC2.npz_1360500.npz,[],[],[],[]
HK.HKCC2.npz_1354500.npz,[],[],[],[]
HK.HKCC2.npz_1423500.npz,[],[],[],[]
HK.HKCC2.npz_1332000.npz,[],[],[],[]
HK.HKCC2.npz_1405500.npz,[],[],[],[]
HK.HKCC2.npz_1341000.npz,[],[],[],[]
HK.HKCC2.npz_1347000.npz,[],[],[],[]
HK.HKCC2.npz_1362000.npz,[],[],[],[]
HK.HKCC2.npz_1435500.npz,[],[],[],[]
HK.HKCC2.npz_1372500.npz,[],[],[],[]
HK.HKCC2.npz_1366500.npz,[],[],[],[]
HK.HKCC2.npz_1359000.npz,[],[],[],[]
HK.HKCC2.npz_1344000.npz,[],[],[],[]
HK.HKCC2.npz_1417500.npz,[],[],[],[]
HK.HKCC2.npz_1374000.npz,[],[],[],[]
HK.HKCC2.npz_1353000.npz,[],[],[],[]
HK.HKCC2.npz_1371000.npz,[],[],[],[]
HK.HKCC2.npz_1356000.npz,[],[],[],[]
HK.HKCC2.npz_1378500.npz,[],[],[],[]
HK.HKCC2.npz_1447500.npz,[],[],[],[]
HK.HKCC2.npz_1384500.npz,[],[],[],[]
HK.HKCC2.npz_1429500.npz,[],[],[],[]
HK.HKCC2.npz_1386000.npz,[],[],[],[]
HK.HKCC2.npz_1365000.npz,[],[],[],[]
HK.HKCC2.npz_1383000.npz,[],[],[],[]
HK.HKCC2.npz_1368000.npz,[],[],[],[]
HK.HKCC2.npz_1441500.npz,[],[],[],[]
HK.HKCC2.npz_1459500.npz,[],[],[],[]
HK.HKCC2.npz_1398000.npz,[],[],[],[]
HK.HKCC2.npz_1390500.npz,[],[],[],[]
HK.HKCC2.npz_1396500.npz,[],[],[],[]
HK.HKCC2.npz_1377000.npz,[],[],[],[]
HK.HKCC2.npz_1380000.npz,[],[],[],[]
HK.HKCC2.npz_1453500.npz,[],[],[],[]
HK.HKCC2.npz_1395000.npz,[],[],[],[]
HK.HKCC2.npz_1471500.npz,[],[],[],[]
HK.HKCC2.npz_1408500.npz,[],[],[],[]
HK.HKCC2.npz_1392000.npz,[],[],[],[]
HK.HKCC2.npz_1389000.npz,[],[],[],[]
HK.HKCC2.npz_1410000.npz,[],[],[],[]
HK.HKCC2.npz_1402500.npz,[],[],[],[]
HK.HKCC2.npz_1404000.npz,[],[],[],[]
HK.HKCC2.npz_1465500.npz,[],[],[],[]
HK.HKCC2.npz_1407000.npz,[],[],[],[]
HK.HKCC2.npz_1483500.npz,[],[],[],[]
HK.HKCC2.npz_1420500.npz,[],[],[],[]
HK.HKCC2.npz_1477500.npz,[],[],[],[]
HK.HKCC2.npz_1401000.npz,[],[],[],[]
HK.HKCC2.npz_1422000.npz,[],[],[],[]
HK.HKCC2.npz_1414500.npz,[],[],[],[]
HK.HKCC2.npz_1416000.npz,[],[],[],[]
HK.HKCC2.npz_1489500.npz,[],[],[],[]
HK.HKCC2.npz_1432500.npz,[],[],[],[]
HK.HKCC2.npz_1495500.npz,[],[],[],[]
HK.HKCC2.npz_1413000.npz,[],[],[],[]
HK.HKCC2.npz_1419000.npz,[],[],[],[]
HK.HKCC2.npz_1434000.npz,[],[],[],[]
HK.HKCC2.npz_1444500.npz,[],[],[],[]
HK.HKCC2.npz_1426500.npz,[],[],[],[]
HK.HKCC2.npz_1428000.npz,[],[],[],[]
HK.HKCC2.npz_1501500.npz,[],[],[],[]
HK.HKCC2.npz_1507500.npz,[],[],[],[]
HK.HKCC2.npz_1431000.npz,[],[],[],[]
HK.HKCC2.npz_1425000.npz,[],[],[],[]
HK.HKCC2.npz_1446000.npz,[],[],[],[]
HK.HKCC2.npz_1456500.npz,[],[],[],[]
HK.HKCC2.npz_1519500.npz,[],[],[],[]
HK.HKCC2.npz_1438500.npz,[],[],[],[]
HK.HKCC2.npz_1440000.npz,[],[],[],[]
HK.HKCC2.npz_1443000.npz,[],[],[],[]
HK.HKCC2.npz_1513500.npz,[],[],[],[]
HK.HKCC2.npz_1450500.npz,[],[],[],[]
HK.HKCC2.npz_1437000.npz,[],[],[],[]
HK.HKCC2.npz_1531500.npz,[],[],[],[]
HK.HKCC2.npz_1468500.npz,[],[],[],[]
HK.HKCC2.npz_1458000.npz,[],[],[],[]
HK.HKCC2.npz_1449000.npz,[],[],[],[]
HK.HKCC2.npz_1462500.npz,[],[],[],[]
HK.HKCC2.npz_1455000.npz,[],[],[],[]
HK.HKCC2.npz_1452000.npz,[],[],[],[]
HK.HKCC2.npz_1525500.npz,[],[],[],[]
HK.HKCC2.npz_1543500.npz,[2141],[ 0.56796545],[],[]
HK.HKCC2.npz_1461000.npz,[],[],[],[]
HK.HKCC2.npz_1470000.npz,[],[],[],[]
HK.HKCC2.npz_1474500.npz,[],[],[],[]
HK.HKCC2.npz_1480500.npz,[],[],[],[]
HK.HKCC2.npz_1467000.npz,[],[],[],[]
HK.HKCC2.npz_1464000.npz,[],[],[],[]
HK.HKCC2.npz_1555500.npz,[],[],[],[]
HK.HKCC2.npz_1537500.npz,[],[],[],[]
HK.HKCC2.npz_1473000.npz,[],[],[],[]
HK.HKCC2.npz_1486500.npz,[],[],[],[]
HK.HKCC2.npz_1479000.npz,[],[],[],[]
HK.HKCC2.npz_1492500.npz,[],[],[],[]
HK.HKCC2.npz_1482000.npz,[],[],[],[]
HK.HKCC2.npz_1476000.npz,[],[],[],[]
HK.HKCC2.npz_1491000.npz,[],[],[],[]
HK.HKCC2.npz_1485000.npz,[],[],[],[]
HK.HKCC2.npz_1567500.npz,[],[],[],[]
HK.HKCC2.npz_1549500.npz,[],[],[],[]
HK.HKCC2.npz_1498500.npz,[],[],[],[]
HK.HKCC2.npz_1488000.npz,[],[],[],[]
HK.HKCC2.npz_1504500.npz,[],[],[],[]
HK.HKCC2.npz_1503000.npz,[],[],[],[]
HK.HKCC2.npz_1497000.npz,[],[],[],[]
HK.HKCC2.npz_1494000.npz,[],[],[],[]
HK.HKCC2.npz_1561500.npz,[],[],[],[]
HK.HKCC2.npz_1516500.npz,[],[],[],[]
HK.HKCC2.npz_1500000.npz,[],[],[],[]
HK.HKCC2.npz_1510500.npz,[],[],[],[]
HK.HKCC2.npz_1579500.npz,[],[],[],[]
HK.HKCC2.npz_1506000.npz,[],[],[],[]
HK.HKCC2.npz_1528500.npz,[],[],[],[]
HK.HKCC2.npz_1515000.npz,[],[],[],[]
HK.HKCC2.npz_1509000.npz,[],[],[],[]
HK.HKCC2.npz_1573500.npz,[],[],[],[]
HK.HKCC2.npz_1591500.npz,[],[],[],[]
HK.HKCC2.npz_1518000.npz,[],[],[],[]
HK.HKCC2.npz_1540500.npz,[],[],[],[]
HK.HKCC2.npz_1512000.npz,[],[],[],[]
HK.HKCC2.npz_1522500.npz,[],[],[],[]
HK.HKCC2.npz_1527000.npz,[],[],[],[]
HK.HKCC2.npz_1585500.npz,[],[],[],[]
HK.HKCC2.npz_1530000.npz,[],[],[],[]
HK.HKCC2.npz_1521000.npz,[],[],[],[]
HK.HKCC2.npz_1603500.npz,[],[],[],[]
HK.HKCC2.npz_1539000.npz,[],[],[],[]
HK.HKCC2.npz_1552500.npz,[],[],[],[]
HK.HKCC2.npz_1524000.npz,[],[],[],[]
HK.HKCC2.npz_1597500.npz,[],[],[],[]
HK.HKCC2.npz_1534500.npz,[],[],[],[]
HK.HKCC2.npz_1542000.npz,[],[],[],[]
HK.HKCC2.npz_1564500.npz,[],[],[],[]
HK.HKCC2.npz_1551000.npz,[],[],[],[]
HK.HKCC2.npz_1533000.npz,[],[],[],[]
HK.HKCC2.npz_1615500.npz,[],[],[],[]
HK.HKCC2.npz_1546500.npz,[],[],[],[]
HK.HKCC2.npz_1554000.npz,[],[],[],[]
HK.HKCC2.npz_1576500.npz,[],[],[],[]
HK.HKCC2.npz_1536000.npz,[],[],[],[]
HK.HKCC2.npz_1609500.npz,[],[],[],[]
HK.HKCC2.npz_1566000.npz,[],[],[],[]
HK.HKCC2.npz_1558500.npz,[],[],[],[]
HK.HKCC2.npz_1545000.npz,[],[],[641],[ 0.5756227]
HK.HKCC2.npz_1627500.npz,[],[],[],[]
HK.HKCC2.npz_1563000.npz,[],[],[],[]
HK.HKCC2.npz_1548000.npz,[],[],[],[]
HK.HKCC2.npz_1588500.npz,[],[],[],[]
HK.HKCC2.npz_1621500.npz,[],[],[],[]
HK.HKCC2.npz_1578000.npz,[],[],[],[]
HK.HKCC2.npz_1570500.npz,[],[],[],[]
HK.HKCC2.npz_1557000.npz,[],[],[],[]
HK.HKCC2.npz_1600500.npz,[],[],[],[]
HK.HKCC2.npz_1575000.npz,[],[],[],[]
HK.HKCC2.npz_1639500.npz,[],[],[],[]
HK.HKCC2.npz_1560000.npz,[],[],[],[]
HK.HKCC2.npz_1582500.npz,[],[],[],[]
HK.HKCC2.npz_1633500.npz,[],[],[],[]
HK.HKCC2.npz_1590000.npz,[],[],[],[]
HK.HKCC2.npz_1569000.npz,[],[],[],[]
HK.HKCC2.npz_1612500.npz,[],[],[],[]
HK.HKCC2.npz_1587000.npz,[],[],[],[]
HK.HKCC2.npz_1651500.npz,[],[],[],[]
HK.HKCC2.npz_1594500.npz,[],[],[],[]
HK.HKCC2.npz_1645500.npz,[],[],[],[]
HK.HKCC2.npz_1572000.npz,[],[],[],[]
HK.HKCC2.npz_1663500.npz,[],[],[],[]
HK.HKCC2.npz_1581000.npz,[],[],[],[]
HK.HKCC2.npz_1599000.npz,[],[],[],[]
HK.HKCC2.npz_1602000.npz,[],[],[],[]
HK.HKCC2.npz_1624500.npz,[],[],[],[]
HK.HKCC2.npz_1584000.npz,[],[],[],[]
HK.HKCC2.npz_1593000.npz,[],[],[],[]
HK.HKCC2.npz_1606500.npz,[],[],[],[]
HK.HKCC2.npz_1675500.npz,[],[],[],[]
HK.HKCC2.npz_1657500.npz,[],[],[],[]
HK.HKCC2.npz_1611000.npz,[],[],[],[]
HK.HKCC2.npz_1596000.npz,[],[],[],[]
HK.HKCC2.npz_1605000.npz,[],[],[],[]
HK.HKCC2.npz_1636500.npz,[],[],[],[]
HK.HKCC2.npz_1614000.npz,[],[],[],[]
HK.HKCC2.npz_1669500.npz,[],[],[],[]
HK.HKCC2.npz_1687500.npz,[],[],[],[]
HK.HKCC2.npz_1618500.npz,[],[],[],[]
HK.HKCC2.npz_1623000.npz,[],[],[],[]
HK.HKCC2.npz_1608000.npz,[],[],[],[]
HK.HKCC2.npz_1626000.npz,[],[],[],[]
HK.HKCC2.npz_1681500.npz,[],[],[],[]
HK.HKCC2.npz_1617000.npz,[],[],[],[]
HK.HKCC2.npz_1648500.npz,[],[],[],[]
HK.HKCC2.npz_1699500.npz,[],[],[],[]
HK.HKCC2.npz_1693500.npz,[],[],[],[]
HK.HKCC2.npz_1635000.npz,[],[],[],[]
HK.HKCC2.npz_1630500.npz,[],[],[],[]
HK.HKCC2.npz_1638000.npz,[],[],[],[]
HK.HKCC2.npz_1620000.npz,[],[],[],[]
HK.HKCC2.npz_1705500.npz,[],[],[],[]
HK.HKCC2.npz_1660500.npz,[],[],[],[]
HK.HKCC2.npz_1711500.npz,[2948],[ 0.5088374],[],[]
HK.HKCC2.npz_1647000.npz,[],[],[],[]
HK.HKCC2.npz_1629000.npz,[],[],[],[]
HK.HKCC2.npz_1650000.npz,[],[],[],[]
HK.HKCC2.npz_1642500.npz,[],[],[958],[ 0.50498635]
HK.HKCC2.npz_1672500.npz,[],[],[],[]
HK.HKCC2.npz_1632000.npz,[],[],[],[]
HK.HKCC2.npz_1717500.npz,[],[],[],[]
HK.HKCC2.npz_1662000.npz,[],[],[],[]
HK.HKCC2.npz_1659000.npz,[],[],[],[]
HK.HKCC2.npz_1641000.npz,[2459],[ 0.44086903],[],[]
HK.HKCC2.npz_1654500.npz,[],[],[],[]
HK.HKCC2.npz_1723500.npz,[],[],[],[]
HK.HKCC2.npz_1674000.npz,[],[],[],[]
HK.HKCC2.npz_1644000.npz,[],[],[],[]
HK.HKCC2.npz_1729500.npz,[],[],[],[]
HK.HKCC2.npz_1671000.npz,[],[],[],[]
HK.HKCC2.npz_1684500.npz,[],[],[],[]
HK.HKCC2.npz_1686000.npz,[],[],[],[]
HK.HKCC2.npz_1653000.npz,[],[],[],[]
HK.HKCC2.npz_1666500.npz,[],[],[],[]
HK.HKCC2.npz_1735500.npz,[],[],[],[]
HK.HKCC2.npz_1656000.npz,[],[],[],[]
HK.HKCC2.npz_1665000.npz,[],[],[],[]
HK.HKCC2.npz_1683000.npz,[],[],[],[]
HK.HKCC2.npz_1741500.npz,[],[],[],[]
HK.HKCC2.npz_1698000.npz,[],[],[],[]
HK.HKCC2.npz_1696500.npz,[],[],[],[]
HK.HKCC2.npz_1678500.npz,[],[],[],[]
HK.HKCC2.npz_1695000.npz,[],[],[],[]
HK.HKCC2.npz_1747500.npz,[],[],[],[]
HK.HKCC2.npz_1668000.npz,[],[],[],[]
HK.HKCC2.npz_1677000.npz,[],[],[],[]
HK.HKCC2.npz_1710000.npz,[],[],[],[]
HK.HKCC2.npz_1753500.npz,[],[],[],[]
HK.HKCC2.npz_1690500.npz,[],[],[],[]
HK.HKCC2.npz_1708500.npz,[],[],[],[]
HK.HKCC2.npz_1707000.npz,[],[],[],[]
HK.HKCC2.npz_1680000.npz,[],[],[],[]
HK.HKCC2.npz_1689000.npz,[],[],[],[]
HK.HKCC2.npz_1759500.npz,[],[],[],[]
HK.HKCC2.npz_1722000.npz,[],[],[],[]
HK.HKCC2.npz_1765500.npz,[],[],[],[]
HK.HKCC2.npz_1720500.npz,[],[],[],[]
HK.HKCC2.npz_1692000.npz,[],[],[],[]
HK.HKCC2.npz_1701000.npz,[],[],[],[]
HK.HKCC2.npz_1719000.npz,[],[],[],[]
HK.HKCC2.npz_1702500.npz,[],[],[],[]
HK.HKCC2.npz_1771500.npz,[],[],[],[]
HK.HKCC2.npz_1777500.npz,[],[],[],[]
HK.HKCC2.npz_1704000.npz,[],[],[],[]
HK.HKCC2.npz_1734000.npz,[],[],[],[]
HK.HKCC2.npz_1732500.npz,[],[],[],[]
HK.HKCC2.npz_1714500.npz,[],[],[],[]
HK.HKCC2.npz_1731000.npz,[],[],[],[]
HK.HKCC2.npz_1783500.npz,[],[],[],[]
HK.HKCC2.npz_1713000.npz,[2847],[ 0.4498415],[],[]
HK.HKCC2.npz_1789500.npz,[],[],[],[]
HK.HKCC2.npz_1716000.npz,[],[],[],[]
HK.HKCC2.npz_1743000.npz,[],[],[],[]
HK.HKCC2.npz_1744500.npz,[],[],[],[]
HK.HKCC2.npz_1726500.npz,[],[],[],[]
HK.HKCC2.npz_1746000.npz,[],[],[],[]
HK.HKCC2.npz_1801500.npz,[],[],[],[]
HK.HKCC2.npz_1728000.npz,[],[],[],[]
HK.HKCC2.npz_1725000.npz,[],[],[],[]
HK.HKCC2.npz_1795500.npz,[],[],[],[]
HK.HKCC2.npz_1755000.npz,[],[],[],[]
HK.HKCC2.npz_1813500.npz,[],[],[],[]
HK.HKCC2.npz_1738500.npz,[],[],[],[]
HK.HKCC2.npz_1758000.npz,[],[],[],[]
HK.HKCC2.npz_1756500.npz,[],[],[],[]
HK.HKCC2.npz_1740000.npz,[],[],[],[]
HK.HKCC2.npz_1807500.npz,[],[],[],[]
HK.HKCC2.npz_1767000.npz,[],[],[],[]
HK.HKCC2.npz_1737000.npz,[],[],[],[]
HK.HKCC2.npz_1825500.npz,[],[],[],[]
HK.HKCC2.npz_1750500.npz,[],[],[],[]
HK.HKCC2.npz_1819500.npz,[],[],[],[]
HK.HKCC2.npz_1752000.npz,[],[],[],[]
HK.HKCC2.npz_1770000.npz,[],[],[],[]
HK.HKCC2.npz_1768500.npz,[],[],[],[]
HK.HKCC2.npz_1779000.npz,[],[],[],[]
HK.HKCC2.npz_1837500.npz,[],[],[],[]
HK.HKCC2.npz_1764000.npz,[],[],[],[]
HK.HKCC2.npz_1831500.npz,[],[],[],[]
HK.HKCC2.npz_1749000.npz,[],[],[],[]
HK.HKCC2.npz_1762500.npz,[],[],[],[]
HK.HKCC2.npz_1791000.npz,[],[],[],[]
HK.HKCC2.npz_1776000.npz,[],[],[],[]
HK.HKCC2.npz_1780500.npz,[],[],[],[]
HK.HKCC2.npz_1849500.npz,[],[],[],[]
HK.HKCC2.npz_1782000.npz,[],[],[],[]
HK.HKCC2.npz_1843500.npz,[],[],[],[]
HK.HKCC2.npz_1761000.npz,[],[],[],[]
HK.HKCC2.npz_1774500.npz,[],[],[],[]
HK.HKCC2.npz_1803000.npz,[],[],[],[]
HK.HKCC2.npz_1788000.npz,[],[],[],[]
HK.HKCC2.npz_1855500.npz,[],[],[],[]
HK.HKCC2.npz_1792500.npz,[],[],[],[]
HK.HKCC2.npz_1773000.npz,[],[],[],[]
HK.HKCC2.npz_1794000.npz,[],[],[],[]
HK.HKCC2.npz_1861500.npz,[],[],[],[]
HK.HKCC2.npz_1815000.npz,[],[],[],[]
HK.HKCC2.npz_1804500.npz,[],[],[],[]
HK.HKCC2.npz_1867500.npz,[],[],[],[]
HK.HKCC2.npz_1800000.npz,[],[],[],[]
HK.HKCC2.npz_1786500.npz,[],[],[],[]
HK.HKCC2.npz_1827000.npz,[],[],[],[]
HK.HKCC2.npz_1806000.npz,[],[],[],[]
HK.HKCC2.npz_1785000.npz,[],[],[],[]
HK.HKCC2.npz_1873500.npz,[],[],[],[]
HK.HKCC2.npz_1816500.npz,[],[],[],[]
HK.HKCC2.npz_1879500.npz,[],[],[],[]
HK.HKCC2.npz_1812000.npz,[],[],[],[]
HK.HKCC2.npz_1839000.npz,[],[],[],[]
HK.HKCC2.npz_1798500.npz,[],[],[],[]
HK.HKCC2.npz_1818000.npz,[],[],[],[]
HK.HKCC2.npz_1885500.npz,[],[],[],[]
HK.HKCC2.npz_1891500.npz,[],[],[],[]
HK.HKCC2.npz_1797000.npz,[],[],[],[]
HK.HKCC2.npz_1828500.npz,[],[],[],[]
HK.HKCC2.npz_1824000.npz,[],[],[],[]
HK.HKCC2.npz_1897500.npz,[],[],[],[]
HK.HKCC2.npz_1851000.npz,[],[],[],[]
HK.HKCC2.npz_1903500.npz,[],[],[],[]
HK.HKCC2.npz_1830000.npz,[],[],[],[]
HK.HKCC2.npz_1810500.npz,[],[],[],[]
HK.HKCC2.npz_1836000.npz,[],[],[],[]
HK.HKCC2.npz_1909500.npz,[],[],[],[]
HK.HKCC2.npz_1840500.npz,[],[],[],[]
HK.HKCC2.npz_1863000.npz,[],[],[],[]
HK.HKCC2.npz_1809000.npz,[],[],[],[]
HK.HKCC2.npz_1822500.npz,[2941],[ 0.35237956],[],[]
HK.HKCC2.npz_1921500.npz,[],[],[],[]
HK.HKCC2.npz_1915500.npz,[],[],[],[]
HK.HKCC2.npz_1842000.npz,[],[],[],[]
HK.HKCC2.npz_1848000.npz,[],[],[],[]
HK.HKCC2.npz_1834500.npz,[],[],[],[]
HK.HKCC2.npz_1933500.npz,[],[],[],[]
HK.HKCC2.npz_1875000.npz,[],[],[],[]
HK.HKCC2.npz_1852500.npz,[],[],[],[]
HK.HKCC2.npz_1821000.npz,[],[],[],[]
HK.HKCC2.npz_1846500.npz,[],[],[],[]
HK.HKCC2.npz_1854000.npz,[],[],[],[]
HK.HKCC2.npz_1927500.npz,[],[],[],[]
HK.HKCC2.npz_1945500.npz,[],[],[],[]
HK.HKCC2.npz_1860000.npz,[],[],[],[]
HK.HKCC2.npz_1858500.npz,[],[],[],[]
HK.HKCC2.npz_1887000.npz,[],[],[],[]
HK.HKCC2.npz_1833000.npz,[],[],[],[]
HK.HKCC2.npz_1864500.npz,[],[],[],[]
HK.HKCC2.npz_1866000.npz,[],[],[],[]
HK.HKCC2.npz_1870500.npz,[],[],[],[]
HK.HKCC2.npz_1957500.npz,[],[],[],[]
HK.HKCC2.npz_1939500.npz,[],[],[],[]
HK.HKCC2.npz_1872000.npz,[],[],[],[]
HK.HKCC2.npz_1899000.npz,[],[],[],[]
HK.HKCC2.npz_1876500.npz,[],[],[],[]
HK.HKCC2.npz_1845000.npz,[],[],[],[]
HK.HKCC2.npz_1969500.npz,[],[],[],[]
HK.HKCC2.npz_1878000.npz,[],[],[],[]
HK.HKCC2.npz_1882500.npz,[],[],[],[]
HK.HKCC2.npz_1884000.npz,[],[],[],[]
HK.HKCC2.npz_1857000.npz,[],[],[],[]
HK.HKCC2.npz_1911000.npz,[],[],[],[]
HK.HKCC2.npz_1888500.npz,[],[],[],[]
HK.HKCC2.npz_1951500.npz,[],[],[],[]
HK.HKCC2.npz_1981500.npz,[],[],[],[]
HK.HKCC2.npz_1894500.npz,[],[],[],[]
HK.HKCC2.npz_1869000.npz,[],[],[],[]
HK.HKCC2.npz_1896000.npz,[],[],[],[]
HK.HKCC2.npz_1890000.npz,[2912],[ 0.60587096],[],[]
HK.HKCC2.npz_1906500.npz,[],[],[],[]
HK.HKCC2.npz_1900500.npz,[],[],[],[]
HK.HKCC2.npz_1923000.npz,[],[],[],[]
HK.HKCC2.npz_1993500.npz,[],[],[],[]
HK.HKCC2.npz_1963500.npz,[],[],[],[]
HK.HKCC2.npz_1912500.npz,[],[],[],[]
HK.HKCC2.npz_1908000.npz,[],[],[],[]
HK.HKCC2.npz_1881000.npz,[],[],[],[]
HK.HKCC2.npz_1918500.npz,[],[],[],[]
HK.HKCC2.npz_1902000.npz,[],[],[],[]
HK.HKCC2.npz_1975500.npz,[],[],[],[]
HK.HKCC2.npz_1920000.npz,[],[],[],[]
HK.HKCC2.npz_2005500.npz,[],[],[],[]
HK.HKCC2.npz_1935000.npz,[],[],[],[]
HK.HKCC2.npz_1924500.npz,[],[],[],[]
HK.HKCC2.npz_1930500.npz,[],[],[],[]
HK.HKCC2.npz_1987500.npz,[],[],[],[]
HK.HKCC2.npz_1893000.npz,[],[],[],[]
HK.HKCC2.npz_1932000.npz,[],[],[],[]
HK.HKCC2.npz_1914000.npz,[],[],[],[]
HK.HKCC2.npz_1947000.npz,[],[],[],[]
HK.HKCC2.npz_1999500.npz,[],[],[],[]
HK.HKCC2.npz_1936500.npz,[],[],[],[]
HK.HKCC2.npz_2017500.npz,[],[],[],[]
HK.HKCC2.npz_1942500.npz,[],[],[],[]
HK.HKCC2.npz_1944000.npz,[],[],[],[]
HK.HKCC2.npz_1905000.npz,[],[],[],[]
HK.HKCC2.npz_1959000.npz,[],[],[],[]
HK.HKCC2.npz_1926000.npz,[],[],[],[]
HK.HKCC2.npz_2011500.npz,[],[],[],[]
HK.HKCC2.npz_1948500.npz,[],[],[],[]
HK.HKCC2.npz_1917000.npz,[],[],[],[]
HK.HKCC2.npz_2029500.npz,[],[],[],[]
HK.HKCC2.npz_1956000.npz,[],[],[],[]
HK.HKCC2.npz_1954500.npz,[],[],[],[]
HK.HKCC2.npz_2023500.npz,[],[],[],[]
HK.HKCC2.npz_1929000.npz,[],[],[],[]
HK.HKCC2.npz_1938000.npz,[],[],[],[]
HK.HKCC2.npz_1971000.npz,[],[],[],[]
HK.HKCC2.npz_1960500.npz,[],[],[],[]
HK.HKCC2.npz_2041500.npz,[],[],[],[]
HK.HKCC2.npz_1941000.npz,[],[],[],[]
HK.HKCC2.npz_1966500.npz,[],[],[],[]
HK.HKCC2.npz_1968000.npz,[],[],[],[]
HK.HKCC2.npz_2035500.npz,[],[],[],[]
HK.HKCC2.npz_1953000.npz,[],[],[],[]
HK.HKCC2.npz_1950000.npz,[],[],[],[]
HK.HKCC2.npz_1972500.npz,[],[],[],[]
HK.HKCC2.npz_2053500.npz,[],[],[],[]
HK.HKCC2.npz_1983000.npz,[],[],[],[]
HK.HKCC2.npz_2047500.npz,[],[],[],[]
HK.HKCC2.npz_1962000.npz,[],[],[],[]
HK.HKCC2.npz_1978500.npz,[],[],[],[]
HK.HKCC2.npz_1980000.npz,[],[],[],[]
HK.HKCC2.npz_1965000.npz,[],[],[],[]
HK.HKCC2.npz_2065500.npz,[],[],[],[]
HK.HKCC2.npz_1984500.npz,[],[],[],[]
HK.HKCC2.npz_1974000.npz,[],[],[],[]
HK.HKCC2.npz_1995000.npz,[],[],[],[]
HK.HKCC2.npz_2059500.npz,[],[],[],[]
HK.HKCC2.npz_2077500.npz,[],[],[],[]
HK.HKCC2.npz_1990500.npz,[],[],[],[]
HK.HKCC2.npz_1996500.npz,[],[],[],[]
HK.HKCC2.npz_1992000.npz,[],[],[],[]
HK.HKCC2.npz_1977000.npz,[],[],[],[]
HK.HKCC2.npz_2002500.npz,[],[],[],[]
HK.HKCC2.npz_1986000.npz,[],[],[],[]
HK.HKCC2.npz_2007000.npz,[],[],[],[]
HK.HKCC2.npz_2089500.npz,[],[],[],[]
HK.HKCC2.npz_2071500.npz,[],[],[],[]
HK.HKCC2.npz_2008500.npz,[],[],[],[]
HK.HKCC2.npz_1989000.npz,[],[],[],[]
HK.HKCC2.npz_2004000.npz,[],[],[],[]
HK.HKCC2.npz_1998000.npz,[],[],[],[]
HK.HKCC2.npz_2014500.npz,[],[],[],[]
HK.HKCC2.npz_2019000.npz,[],[],[],[]
HK.HKCC2.npz_2083500.npz,[],[],[],[]
HK.HKCC2.npz_2020500.npz,[],[],[],[]
HK.HKCC2.npz_2001000.npz,[],[],[],[]
HK.HKCC2.npz_2101500.npz,[],[],[],[]
HK.HKCC2.npz_2016000.npz,[],[],[],[]
HK.HKCC2.npz_2031000.npz,[],[],[],[]
HK.HKCC2.npz_2095500.npz,[],[],[],[]
HK.HKCC2.npz_2010000.npz,[],[],[],[]
HK.HKCC2.npz_2026500.npz,[],[],[],[]
HK.HKCC2.npz_2032500.npz,[],[],[],[]
HK.HKCC2.npz_2113500.npz,[],[],[],[]
HK.HKCC2.npz_2028000.npz,[],[],[],[]
HK.HKCC2.npz_2043000.npz,[],[],[],[]
HK.HKCC2.npz_2013000.npz,[],[],[],[]
HK.HKCC2.npz_2022000.npz,[],[],[],[]
HK.HKCC2.npz_2107500.npz,[],[],[],[]
HK.HKCC2.npz_2044500.npz,[],[],[],[]
HK.HKCC2.npz_2125500.npz,[],[],[],[]
HK.HKCC2.npz_2038500.npz,[],[],[],[]
HK.HKCC2.npz_2034000.npz,[],[],[],[]
HK.HKCC2.npz_2119500.npz,[],[],[],[]
HK.HKCC2.npz_2025000.npz,[],[],[],[]
HK.HKCC2.npz_2040000.npz,[],[],[],[]
HK.HKCC2.npz_2055000.npz,[],[],[],[]
HK.HKCC2.npz_2046000.npz,[],[],[],[]
HK.HKCC2.npz_2131500.npz,[],[],[],[]
HK.HKCC2.npz_2050500.npz,[],[],[],[]
HK.HKCC2.npz_2056500.npz,[],[],[],[]
HK.HKCC2.npz_2137500.npz,[2429],[ 0.318436],[],[]
HK.HKCC2.npz_2143500.npz,[],[],[],[]
HK.HKCC2.npz_2037000.npz,[],[],[],[]
HK.HKCC2.npz_2052000.npz,[],[],[],[]
HK.HKCC2.npz_2058000.npz,[],[],[],[]
HK.HKCC2.npz_2067000.npz,[],[],[],[]
HK.HKCC2.npz_2068500.npz,[],[],[],[]
HK.HKCC2.npz_2155500.npz,[],[],[],[]
HK.HKCC2.npz_2149500.npz,[],[],[],[]
HK.HKCC2.npz_2062500.npz,[],[],[],[]
HK.HKCC2.npz_2049000.npz,[],[],[],[]
HK.HKCC2.npz_2167500.npz,[],[],[],[]
HK.HKCC2.npz_2070000.npz,[],[],[],[]
HK.HKCC2.npz_2079000.npz,[],[],[],[]
HK.HKCC2.npz_2064000.npz,[],[],[],[]
HK.HKCC2.npz_2080500.npz,[],[],[],[]
HK.HKCC2.npz_2179500.npz,[],[],[],[]
HK.HKCC2.npz_2082000.npz,[],[],[],[]
HK.HKCC2.npz_2061000.npz,[],[],[],[]
HK.HKCC2.npz_2161500.npz,[],[],[],[]
HK.HKCC2.npz_2074500.npz,[],[],[],[]
HK.HKCC2.npz_2091000.npz,[],[],[],[]
HK.HKCC2.npz_2076000.npz,[],[],[],[]
HK.HKCC2.npz_2191500.npz,[29],[ 0.46836478],[285],[ 0.52953273]
HK.HKCC2.npz_2094000.npz,[],[],[],[]
HK.HKCC2.npz_2092500.npz,[],[],[],[]
HK.HKCC2.npz_2086500.npz,[],[],[],[]
HK.HKCC2.npz_2073000.npz,[],[],[],[]
HK.HKCC2.npz_2088000.npz,[],[],[],[]
HK.HKCC2.npz_2103000.npz,[],[],[],[]
HK.HKCC2.npz_2173500.npz,[],[],[],[]
HK.HKCC2.npz_2203500.npz,[],[],[],[]
HK.HKCC2.npz_2104500.npz,[],[],[],[]
HK.HKCC2.npz_2085000.npz,[],[],[],[]
HK.HKCC2.npz_2106000.npz,[],[],[],[]
HK.HKCC2.npz_2098500.npz,[],[],[],[]
HK.HKCC2.npz_2100000.npz,[],[],[],[]
HK.HKCC2.npz_2116500.npz,[],[],[],[]
HK.HKCC2.npz_2215500.npz,[],[],[],[]
HK.HKCC2.npz_2115000.npz,[],[],[],[]
HK.HKCC2.npz_2185500.npz,[],[],[],[]
HK.HKCC2.npz_2128500.npz,[],[],[],[]
HK.HKCC2.npz_2110500.npz,[],[],[],[]
HK.HKCC2.npz_2097000.npz,[],[],[],[]
HK.HKCC2.npz_2112000.npz,[],[],[],[]
HK.HKCC2.npz_2118000.npz,[],[],[],[]
HK.HKCC2.npz_2127000.npz,[],[],[],[]
HK.HKCC2.npz_2140500.npz,[],[],[],[]
HK.HKCC2.npz_2227500.npz,[],[],[],[]
HK.HKCC2.npz_2122500.npz,[],[],[],[]
HK.HKCC2.npz_2197500.npz,[],[],[],[]
HK.HKCC2.npz_2152500.npz,[],[],[],[]
HK.HKCC2.npz_2109000.npz,[],[],[],[]
HK.HKCC2.npz_2130000.npz,[],[],[],[]
HK.HKCC2.npz_2124000.npz,[],[],[],[]
HK.HKCC2.npz_2139000.npz,[],[],[],[]
HK.HKCC2.npz_2134500.npz,[],[],[],[]
HK.HKCC2.npz_2209500.npz,[],[],[],[]
HK.HKCC2.npz_2121000.npz,[],[],[],[]
HK.HKCC2.npz_2164500.npz,[],[],[],[]
HK.HKCC2.npz_2239500.npz,[],[],[],[]
HK.HKCC2.npz_2151000.npz,[],[],[],[]
HK.HKCC2.npz_2146500.npz,[],[],[],[]
HK.HKCC2.npz_2221500.npz,[],[],[],[]
HK.HKCC2.npz_2136000.npz,[],[],[],[]
HK.HKCC2.npz_2142000.npz,[],[],[],[]
HK.HKCC2.npz_2251500.npz,[],[],[],[]
HK.HKCC2.npz_2133000.npz,[],[],[],[]
HK.HKCC2.npz_2158500.npz,[],[],[],[]
HK.HKCC2.npz_2163000.npz,[],[],[],[]
HK.HKCC2.npz_2176500.npz,[],[],[],[]
HK.HKCC2.npz_2154000.npz,[],[],[],[]
HK.HKCC2.npz_2145000.npz,[],[],[],[]
HK.HKCC2.npz_2263500.npz,[],[],[],[]
HK.HKCC2.npz_2148000.npz,[],[],[],[]
HK.HKCC2.npz_2233500.npz,[],[],[],[]
HK.HKCC2.npz_2170500.npz,[],[],[],[]
HK.HKCC2.npz_2188500.npz,[],[],[],[]
HK.HKCC2.npz_2175000.npz,[],[],[],[]
HK.HKCC2.npz_2166000.npz,[],[],[],[]
HK.HKCC2.npz_2157000.npz,[],[],[],[]
HK.HKCC2.npz_2275500.npz,[],[],[],[]
HK.HKCC2.npz_2182500.npz,[],[],[],[]
HK.HKCC2.npz_2160000.npz,[],[],[],[]
HK.HKCC2.npz_2200500.npz,[],[],[],[]
HK.HKCC2.npz_2245500.npz,[],[],[],[]
HK.HKCC2.npz_2287500.npz,[],[],[],[]
HK.HKCC2.npz_2178000.npz,[],[],[],[]
HK.HKCC2.npz_2169000.npz,[],[],[],[]
HK.HKCC2.npz_2187000.npz,[],[],[],[]
HK.HKCC2.npz_2194500.npz,[],[],[],[]
HK.HKCC2.npz_2190000.npz,[],[],[],[]
HK.HKCC2.npz_2212500.npz,[2745],[ 0.31672412],[],[]
HK.HKCC2.npz_2172000.npz,[],[],[],[]
HK.HKCC2.npz_2257500.npz,[],[],[],[]
HK.HKCC2.npz_2299500.npz,[],[],[],[]
HK.HKCC2.npz_2199000.npz,[],[],[],[]
HK.HKCC2.npz_2206500.npz,[],[],[],[]
HK.HKCC2.npz_2181000.npz,[],[],[],[]
HK.HKCC2.npz_2202000.npz,[],[],[],[]
HK.HKCC2.npz_2224500.npz,[],[],[],[]
HK.HKCC2.npz_2218500.npz,[],[],[],[]
HK.HKCC2.npz_2184000.npz,[],[],[],[]
HK.HKCC2.npz_2311500.npz,[],[],[],[]
HK.HKCC2.npz_2269500.npz,[],[],[],[]
HK.HKCC2.npz_2211000.npz,[],[],[],[]
HK.HKCC2.npz_2214000.npz,[],[],[],[]
HK.HKCC2.npz_2230500.npz,[],[],[],[]
HK.HKCC2.npz_2193000.npz,[],[],[],[]
HK.HKCC2.npz_2236500.npz,[],[],[],[]
HK.HKCC2.npz_2196000.npz,[],[],[],[]
HK.HKCC2.npz_2323500.npz,[],[],[],[]
HK.HKCC2.npz_2223000.npz,[],[],[],[]
HK.HKCC2.npz_2281500.npz,[],[],[],[]
HK.HKCC2.npz_2226000.npz,[],[],[],[]
HK.HKCC2.npz_2242500.npz,[],[],[],[]
HK.HKCC2.npz_2235000.npz,[],[],[],[]
HK.HKCC2.npz_2208000.npz,[],[],[],[]
HK.HKCC2.npz_2205000.npz,[],[],[2419],[ 0.38561186]
HK.HKCC2.npz_2335500.npz,[],[],[],[]
HK.HKCC2.npz_2248500.npz,[],[],[],[]
HK.HKCC2.npz_2254500.npz,[],[],[],[]
HK.HKCC2.npz_2293500.npz,[],[],[],[]
HK.HKCC2.npz_2220000.npz,[],[],[],[]
HK.HKCC2.npz_2247000.npz,[],[],[],[]
HK.HKCC2.npz_2238000.npz,[],[],[],[]
HK.HKCC2.npz_2347500.npz,[],[],[],[]
HK.HKCC2.npz_2305500.npz,[],[],[],[]
HK.HKCC2.npz_2260500.npz,[],[],[],[]
HK.HKCC2.npz_2266500.npz,[],[],[],[]
HK.HKCC2.npz_2217000.npz,[],[],[],[]
HK.HKCC2.npz_2232000.npz,[],[],[],[]
HK.HKCC2.npz_2259000.npz,[],[],[],[]
HK.HKCC2.npz_2250000.npz,[],[],[],[]
HK.HKCC2.npz_2317500.npz,[],[],[],[]
HK.HKCC2.npz_2359500.npz,[],[],[],[]
HK.HKCC2.npz_2244000.npz,[],[],[],[]
HK.HKCC2.npz_2229000.npz,[],[],[],[]
HK.HKCC2.npz_2272500.npz,[],[],[],[]
HK.HKCC2.npz_2278500.npz,[],[],[],[]
HK.HKCC2.npz_2271000.npz,[],[],[],[]
HK.HKCC2.npz_2329500.npz,[],[],[],[]
HK.HKCC2.npz_2241000.npz,[],[],[],[]
HK.HKCC2.npz_2262000.npz,[],[],[],[]
HK.HKCC2.npz_2256000.npz,[],[],[],[]
HK.HKCC2.npz_2371500.npz,[],[],[],[]
HK.HKCC2.npz_2290500.npz,[],[],[],[]
HK.HKCC2.npz_2341500.npz,[],[],[],[]
HK.HKCC2.npz_2284500.npz,[],[],[],[]
HK.HKCC2.npz_2253000.npz,[],[],[],[]
HK.HKCC2.npz_2283000.npz,[],[],[],[]
HK.HKCC2.npz_2383500.npz,[],[],[],[]
HK.HKCC2.npz_2268000.npz,[],[],[],[]
HK.HKCC2.npz_2302500.npz,[],[],[],[]
HK.HKCC2.npz_2353500.npz,[],[],[],[]
HK.HKCC2.npz_2274000.npz,[],[],[],[]
HK.HKCC2.npz_2295000.npz,[],[],[],[]
HK.HKCC2.npz_2265000.npz,[],[],[],[]
HK.HKCC2.npz_2280000.npz,[],[],[],[]
HK.HKCC2.npz_2395500.npz,[],[],[],[]
HK.HKCC2.npz_2296500.npz,[],[],[],[]
HK.HKCC2.npz_2277000.npz,[],[],[],[]
HK.HKCC2.npz_2314500.npz,[],[],[],[]
HK.HKCC2.npz_2365500.npz,[],[],[],[]
HK.HKCC2.npz_2307000.npz,[],[],[],[]
HK.HKCC2.npz_2286000.npz,[],[],[],[]
HK.HKCC2.npz_2292000.npz,[],[],[],[]
HK.HKCC2.npz_2308500.npz,[],[],[],[]
HK.HKCC2.npz_2326500.npz,[],[],[],[]
HK.HKCC2.npz_2407500.npz,[],[],[],[]
HK.HKCC2.npz_2289000.npz,[],[],[],[]
HK.HKCC2.npz_2377500.npz,[],[],[],[]
HK.HKCC2.npz_2319000.npz,[],[],[],[]
HK.HKCC2.npz_2320500.npz,[],[],[],[]
HK.HKCC2.npz_2298000.npz,[],[],[],[]
HK.HKCC2.npz_2304000.npz,[],[],[],[]
HK.HKCC2.npz_2419500.npz,[],[],[],[]
HK.HKCC2.npz_2331000.npz,[],[],[],[]
HK.HKCC2.npz_2301000.npz,[],[],[],[]
HK.HKCC2.npz_2338500.npz,[],[],[],[]
HK.HKCC2.npz_2389500.npz,[],[],[],[]
HK.HKCC2.npz_2431500.npz,[],[],[],[]
HK.HKCC2.npz_2343000.npz,[],[],[],[]
HK.HKCC2.npz_2332500.npz,[],[],[],[]
HK.HKCC2.npz_2316000.npz,[],[],[],[]
HK.HKCC2.npz_2310000.npz,[],[],[],[]
HK.HKCC2.npz_2350500.npz,[],[],[],[]
HK.HKCC2.npz_2313000.npz,[],[],[],[]
HK.HKCC2.npz_2355000.npz,[],[],[],[]
HK.HKCC2.npz_2443500.npz,[],[],[],[]
HK.HKCC2.npz_2401500.npz,[],[],[],[]
HK.HKCC2.npz_2362500.npz,[],[],[],[]
HK.HKCC2.npz_2328000.npz,[],[],[],[]
HK.HKCC2.npz_2322000.npz,[],[],[],[]
HK.HKCC2.npz_2344500.npz,[],[],[],[]
HK.HKCC2.npz_2325000.npz,[],[],[],[]
HK.HKCC2.npz_2413500.npz,[],[],[],[]
HK.HKCC2.npz_2455500.npz,[],[],[],[]
HK.HKCC2.npz_2367000.npz,[],[],[],[]
HK.HKCC2.npz_2374500.npz,[],[],[],[]
HK.HKCC2.npz_2340000.npz,[],[],[],[]
HK.HKCC2.npz_2356500.npz,[],[],[],[]
HK.HKCC2.npz_2334000.npz,[],[],[],[]
HK.HKCC2.npz_2425500.npz,[],[],[],[]
HK.HKCC2.npz_2337000.npz,[],[],[],[]
HK.HKCC2.npz_2467500.npz,[],[],[],[]
HK.HKCC2.npz_2368500.npz,[],[],[],[]
HK.HKCC2.npz_2346000.npz,[],[],[],[]
HK.HKCC2.npz_2352000.npz,[],[],[],[]
HK.HKCC2.npz_2379000.npz,[],[],[],[]
HK.HKCC2.npz_2386500.npz,[],[],[],[]
HK.HKCC2.npz_2479500.npz,[],[],[],[]
HK.HKCC2.npz_2349000.npz,[],[],[],[]
HK.HKCC2.npz_2358000.npz,[],[],[],[]
HK.HKCC2.npz_2437500.npz,[],[],[],[]
HK.HKCC2.npz_2380500.npz,[],[],[],[]
HK.HKCC2.npz_2391000.npz,[],[],[],[]
HK.HKCC2.npz_2398500.npz,[],[],[],[]
HK.HKCC2.npz_2364000.npz,[],[],[],[]
HK.HKCC2.npz_2361000.npz,[],[],[],[]
HK.HKCC2.npz_2491500.npz,[],[],[],[]
HK.HKCC2.npz_2370000.npz,[],[],[],[]
HK.HKCC2.npz_2449500.npz,[],[],[],[]
HK.HKCC2.npz_2403000.npz,[],[],[],[]
HK.HKCC2.npz_2410500.npz,[],[],[],[]
HK.HKCC2.npz_2392500.npz,[],[],[],[]
HK.HKCC2.npz_2382000.npz,[],[],[],[]
HK.HKCC2.npz_2373000.npz,[],[],[],[]
HK.HKCC2.npz_2376000.npz,[],[],[],[]
HK.HKCC2.npz_2461500.npz,[],[],[],[]
HK.HKCC2.npz_2503500.npz,[],[],[],[]
HK.HKCC2.npz_2422500.npz,[],[],[],[]
HK.HKCC2.npz_2404500.npz,[],[],[],[]
HK.HKCC2.npz_2394000.npz,[],[],[],[]
HK.HKCC2.npz_2415000.npz,[],[],[],[]
HK.HKCC2.npz_2385000.npz,[],[],[105],[ 0.6333289]
HK.HKCC2.npz_2434500.npz,[],[],[],[]
HK.HKCC2.npz_2388000.npz,[],[],[],[]
HK.HKCC2.npz_2473500.npz,[],[],[],[]
HK.HKCC2.npz_2515500.npz,[],[],[],[]
HK.HKCC2.npz_2416500.npz,[],[],[],[]
HK.HKCC2.npz_2397000.npz,[],[],[],[]
HK.HKCC2.npz_2406000.npz,[],[],[],[]
HK.HKCC2.npz_2400000.npz,[],[],[],[]
HK.HKCC2.npz_2446500.npz,[],[],[],[]
HK.HKCC2.npz_2427000.npz,[],[],[],[]
HK.HKCC2.npz_2418000.npz,[],[],[],[]
HK.HKCC2.npz_2527500.npz,[],[],[],[]
HK.HKCC2.npz_2428500.npz,[],[],[],[]
HK.HKCC2.npz_2485500.npz,[],[],[],[]
HK.HKCC2.npz_2409000.npz,[],[],[],[]
HK.HKCC2.npz_2439000.npz,[],[],[],[]
HK.HKCC2.npz_2458500.npz,[],[],[],[]
HK.HKCC2.npz_2430000.npz,[],[],[],[]
HK.HKCC2.npz_2539500.npz,[],[],[1848],[ 0.43260348]
HK.HKCC2.npz_2412000.npz,[],[],[],[]
HK.HKCC2.npz_2421000.npz,[],[],[],[]
HK.HKCC2.npz_2440500.npz,[],[],[],[]
HK.HKCC2.npz_2497500.npz,[],[],[],[]
HK.HKCC2.npz_2470500.npz,[],[],[],[]
HK.HKCC2.npz_2451000.npz,[],[],[],[]
HK.HKCC2.npz_2442000.npz,[],[],[],[]
HK.HKCC2.npz_2551500.npz,[],[],[],[]
HK.HKCC2.npz_2433000.npz,[],[],[],[]
HK.HKCC2.npz_2452500.npz,[],[],[],[]
HK.HKCC2.npz_2424000.npz,[],[],[],[]
HK.HKCC2.npz_2509500.npz,[],[],[],[]
HK.HKCC2.npz_2482500.npz,[],[],[],[]
HK.HKCC2.npz_2454000.npz,[],[],[],[]
HK.HKCC2.npz_2563500.npz,[],[],[],[]
HK.HKCC2.npz_2463000.npz,[],[],[],[]
HK.HKCC2.npz_2521500.npz,[],[],[],[]
HK.HKCC2.npz_2445000.npz,[],[],[],[]
HK.HKCC2.npz_2436000.npz,[],[],[],[]
HK.HKCC2.npz_2464500.npz,[],[],[],[]
HK.HKCC2.npz_2494500.npz,[],[],[],[]
HK.HKCC2.npz_2457000.npz,[],[],[],[]
HK.HKCC2.npz_2475000.npz,[],[],[],[]
HK.HKCC2.npz_2575500.npz,[],[],[],[]
HK.HKCC2.npz_2533500.npz,[],[],[],[]
HK.HKCC2.npz_2466000.npz,[],[],[],[]
HK.HKCC2.npz_2469000.npz,[],[],[],[]
HK.HKCC2.npz_2487000.npz,[],[],[],[]
HK.HKCC2.npz_2476500.npz,[],[],[],[]
HK.HKCC2.npz_2506500.npz,[],[],[],[]
HK.HKCC2.npz_2448000.npz,[],[],[],[]
HK.HKCC2.npz_2481000.npz,[],[],[],[]
HK.HKCC2.npz_2478000.npz,[],[],[],[]
HK.HKCC2.npz_2545500.npz,[],[],[],[]
HK.HKCC2.npz_2587500.npz,[],[],[],[]
HK.HKCC2.npz_2499000.npz,[],[],[],[]
HK.HKCC2.npz_2460000.npz,[],[],[],[]
HK.HKCC2.npz_2518500.npz,[],[],[],[]
HK.HKCC2.npz_2493000.npz,[],[],[],[]
HK.HKCC2.npz_2488500.npz,[],[],[],[]
HK.HKCC2.npz_2490000.npz,[],[],[],[]
HK.HKCC2.npz_2472000.npz,[],[],[],[]
HK.HKCC2.npz_2557500.npz,[],[],[],[]
HK.HKCC2.npz_2511000.npz,[],[],[],[]
HK.HKCC2.npz_2530500.npz,[],[],[1807],[ 0.44268453]
HK.HKCC2.npz_2599500.npz,[],[],[],[]
HK.HKCC2.npz_2502000.npz,[],[],[],[]
HK.HKCC2.npz_2505000.npz,[],[],[],[]
HK.HKCC2.npz_2484000.npz,[],[],[],[]
HK.HKCC2.npz_2500500.npz,[],[],[],[]
HK.HKCC2.npz_2569500.npz,[],[],[],[]
HK.HKCC2.npz_2523000.npz,[],[],[],[]
HK.HKCC2.npz_2514000.npz,[],[],[],[]
HK.HKCC2.npz_2517000.npz,[],[],[],[]
HK.HKCC2.npz_2542500.npz,[],[],[],[]
HK.HKCC2.npz_2611500.npz,[],[],[],[]
HK.HKCC2.npz_2526000.npz,[],[],[],[]
HK.HKCC2.npz_2496000.npz,[],[],[],[]
HK.HKCC2.npz_2581500.npz,[],[],[],[]
HK.HKCC2.npz_2512500.npz,[],[],[],[]
HK.HKCC2.npz_2535000.npz,[],[],[],[]
HK.HKCC2.npz_2623500.npz,[],[],[],[]
HK.HKCC2.npz_2538000.npz,[],[],[],[]
HK.HKCC2.npz_2554500.npz,[],[],[],[]
HK.HKCC2.npz_2508000.npz,[],[],[],[]
HK.HKCC2.npz_2529000.npz,[],[],[],[]
HK.HKCC2.npz_2524500.npz,[],[],[],[]
HK.HKCC2.npz_2593500.npz,[],[],[],[]
HK.HKCC2.npz_2547000.npz,[],[],[],[]
HK.HKCC2.npz_2635500.npz,[],[],[],[]
HK.HKCC2.npz_2550000.npz,[],[],[],[]
HK.HKCC2.npz_2520000.npz,[],[],[],[]
HK.HKCC2.npz_2605500.npz,[],[],[],[]
HK.HKCC2.npz_2566500.npz,[],[],[],[]
HK.HKCC2.npz_2536500.npz,[],[],[],[]
HK.HKCC2.npz_2541000.npz,[308],[ 0.5200183],[349],[ 0.51434404]
HK.HKCC2.npz_2532000.npz,[],[],[308],[ 0.6210585]
HK.HKCC2.npz_2647500.npz,[],[],[],[]
HK.HKCC2.npz_2617500.npz,[],[],[],[]
HK.HKCC2.npz_2562000.npz,[],[],[],[]
HK.HKCC2.npz_2559000.npz,[],[],[],[]
HK.HKCC2.npz_2553000.npz,[],[],[],[]
HK.HKCC2.npz_2659500.npz,[],[],[],[]
HK.HKCC2.npz_2578500.npz,[],[],[],[]
HK.HKCC2.npz_2548500.npz,[],[],[],[]
HK.HKCC2.npz_2544000.npz,[],[],[],[]
HK.HKCC2.npz_2671500.npz,[],[],[],[]
HK.HKCC2.npz_2571000.npz,[],[],[],[]
HK.HKCC2.npz_2629500.npz,[],[],[],[]
HK.HKCC2.npz_2574000.npz,[],[],[],[]
HK.HKCC2.npz_2565000.npz,[],[],[],[]
HK.HKCC2.npz_2683500.npz,[],[],[],[]
HK.HKCC2.npz_2590500.npz,[],[],[],[]
HK.HKCC2.npz_2560500.npz,[],[],[],[]
HK.HKCC2.npz_2583000.npz,[],[],[],[]
HK.HKCC2.npz_2556000.npz,[],[],[],[]
HK.HKCC2.npz_2577000.npz,[],[],[],[]
HK.HKCC2.npz_2695500.npz,[],[],[],[]
HK.HKCC2.npz_2602500.npz,[],[],[],[]
HK.HKCC2.npz_2641500.npz,[],[],[],[]
HK.HKCC2.npz_2586000.npz,[],[],[],[]
HK.HKCC2.npz_2572500.npz,[],[],[],[]
HK.HKCC2.npz_2568000.npz,[],[],[],[]
HK.HKCC2.npz_2595000.npz,[],[],[],[]
HK.HKCC2.npz_2707500.npz,[],[],[],[]
HK.HKCC2.npz_2589000.npz,[],[],[],[]
HK.HKCC2.npz_2598000.npz,[],[],[],[]
HK.HKCC2.npz_2653500.npz,[],[],[],[]
HK.HKCC2.npz_2614500.npz,[],[],[],[]
HK.HKCC2.npz_2580000.npz,[],[],[],[]
HK.HKCC2.npz_2584500.npz,[],[],[],[]
HK.HKCC2.npz_2610000.npz,[],[],[],[]
HK.HKCC2.npz_2601000.npz,[],[],[],[]
HK.HKCC2.npz_2665500.npz,[],[],[],[]
HK.HKCC2.npz_2719500.npz,[],[],[],[]
HK.HKCC2.npz_2607000.npz,[],[],[],[]
HK.HKCC2.npz_2592000.npz,[],[],[],[]
HK.HKCC2.npz_2613000.npz,[],[],[],[]
HK.HKCC2.npz_2626500.npz,[],[],[],[]
HK.HKCC2.npz_2622000.npz,[],[],[],[]
HK.HKCC2.npz_2596500.npz,[],[],[],[]
HK.HKCC2.npz_2677500.npz,[],[],[],[]
HK.HKCC2.npz_2619000.npz,[],[],[],[]
HK.HKCC2.npz_2625000.npz,[],[],[],[]
HK.HKCC2.npz_2731500.npz,[],[],[],[]
HK.HKCC2.npz_2604000.npz,[],[],[],[]
HK.HKCC2.npz_2608500.npz,[],[],[],[]
HK.HKCC2.npz_2634000.npz,[],[],[],[]
HK.HKCC2.npz_2638500.npz,[],[],[],[]
HK.HKCC2.npz_2631000.npz,[],[],[],[]
HK.HKCC2.npz_2689500.npz,[],[],[],[]
HK.HKCC2.npz_2616000.npz,[],[],[],[]
HK.HKCC2.npz_2743500.npz,[],[],[],[]
HK.HKCC2.npz_2637000.npz,[],[],[],[]
HK.HKCC2.npz_2646000.npz,[],[],[],[]
HK.HKCC2.npz_2620500.npz,[],[],[],[]
HK.HKCC2.npz_2643000.npz,[],[],[],[]
HK.HKCC2.npz_2650500.npz,[],[],[],[]
HK.HKCC2.npz_2628000.npz,[],[],[],[]
HK.HKCC2.npz_2701500.npz,[],[],[],[]
HK.HKCC2.npz_2755500.npz,[],[],[],[]
HK.HKCC2.npz_2658000.npz,[],[],[],[]
HK.HKCC2.npz_2649000.npz,[],[],[],[]
HK.HKCC2.npz_2662500.npz,[],[],[],[]
HK.HKCC2.npz_2632500.npz,[],[],[],[]
HK.HKCC2.npz_2655000.npz,[],[],[],[]
HK.HKCC2.npz_2767500.npz,[],[],[],[]
HK.HKCC2.npz_2661000.npz,[],[],[],[]
HK.HKCC2.npz_2713500.npz,[],[],[],[]
HK.HKCC2.npz_2670000.npz,[],[],[],[]
HK.HKCC2.npz_2640000.npz,[],[],[],[]
HK.HKCC2.npz_2644500.npz,[],[],[],[]
HK.HKCC2.npz_2667000.npz,[],[],[],[]
HK.HKCC2.npz_2779500.npz,[],[],[],[]
HK.HKCC2.npz_2673000.npz,[],[],[],[]
HK.HKCC2.npz_2674500.npz,[],[],[],[]
HK.HKCC2.npz_2679000.npz,[],[],[],[]
HK.HKCC2.npz_2652000.npz,[],[],[],[]
HK.HKCC2.npz_2725500.npz,[],[],[],[]
HK.HKCC2.npz_2656500.npz,[],[],[],[]
HK.HKCC2.npz_2682000.npz,[],[],[],[]
HK.HKCC2.npz_2685000.npz,[],[],[],[]
HK.HKCC2.npz_2664000.npz,[],[],[],[]
HK.HKCC2.npz_2791500.npz,[],[],[],[]
HK.HKCC2.npz_2691000.npz,[],[],[],[]
HK.HKCC2.npz_2686500.npz,[],[],[],[]
HK.HKCC2.npz_2668500.npz,[],[],[],[]
HK.HKCC2.npz_2676000.npz,[],[],[],[]
HK.HKCC2.npz_2737500.npz,[],[],[],[]
HK.HKCC2.npz_2694000.npz,[],[],[],[]
HK.HKCC2.npz_2697000.npz,[],[],[],[]
HK.HKCC2.npz_2703000.npz,[],[],[],[]
HK.HKCC2.npz_2688000.npz,[],[],[],[]
HK.HKCC2.npz_2698500.npz,[],[],[],[]
HK.HKCC2.npz_2803500.npz,[],[],[],[]
HK.HKCC2.npz_2680500.npz,[],[],[],[]
HK.HKCC2.npz_2715000.npz,[],[],[],[]
HK.HKCC2.npz_2709000.npz,[],[],[],[]
HK.HKCC2.npz_2700000.npz,[],[],[],[]
HK.HKCC2.npz_2706000.npz,[],[],[],[]
HK.HKCC2.npz_2749500.npz,[],[],[],[]
HK.HKCC2.npz_2692500.npz,[],[],[],[]
HK.HKCC2.npz_2710500.npz,[],[],[],[]
HK.HKCC2.npz_2721000.npz,[],[],[],[]
HK.HKCC2.npz_2815500.npz,[],[],[],[]
HK.HKCC2.npz_2727000.npz,[],[],[],[]
HK.HKCC2.npz_2761500.npz,[],[],[],[]
HK.HKCC2.npz_2722500.npz,[],[],[],[]
HK.HKCC2.npz_2712000.npz,[],[],[],[]
HK.HKCC2.npz_2718000.npz,[],[],[],[]
HK.HKCC2.npz_2704500.npz,[],[],[],[]
HK.HKCC2.npz_2827500.npz,[],[],[],[]
HK.HKCC2.npz_2734500.npz,[],[],[],[]
HK.HKCC2.npz_2733000.npz,[],[],[],[]
HK.HKCC2.npz_2739000.npz,[],[],[],[]
HK.HKCC2.npz_2773500.npz,[],[],[],[]
HK.HKCC2.npz_2730000.npz,[],[],[],[]
HK.HKCC2.npz_2746500.npz,[],[],[],[]
HK.HKCC2.npz_2839500.npz,[],[],[],[]
HK.HKCC2.npz_2724000.npz,[],[],[],[]
HK.HKCC2.npz_2716500.npz,[],[],[],[]
HK.HKCC2.npz_2745000.npz,[],[],[],[]
HK.HKCC2.npz_2742000.npz,[],[],[],[]
HK.HKCC2.npz_2785500.npz,[],[],[],[]
HK.HKCC2.npz_2751000.npz,[],[],[],[]
HK.HKCC2.npz_2758500.npz,[],[],[],[]
HK.HKCC2.npz_2757000.npz,[],[],[],[]
HK.HKCC2.npz_2754000.npz,[],[],[],[]
HK.HKCC2.npz_2728500.npz,[],[],[],[]
HK.HKCC2.npz_2736000.npz,[],[],[],[]
HK.HKCC2.npz_2851500.npz,[],[],[],[]
HK.HKCC2.npz_2797500.npz,[],[],[],[]
HK.HKCC2.npz_2763000.npz,[],[],[],[]
HK.HKCC2.npz_2769000.npz,[],[],[],[]
HK.HKCC2.npz_2770500.npz,[],[],[],[]
HK.HKCC2.npz_2766000.npz,[],[],[],[]
HK.HKCC2.npz_2775000.npz,[],[],[],[]
HK.HKCC2.npz_2748000.npz,[],[],[],[]
HK.HKCC2.npz_2740500.npz,[],[],[],[]
HK.HKCC2.npz_2863500.npz,[],[],[],[]
HK.HKCC2.npz_2809500.npz,[],[],[],[]
HK.HKCC2.npz_2787000.npz,[],[],[],[]
HK.HKCC2.npz_2781000.npz,[],[],[],[]
HK.HKCC2.npz_2778000.npz,[],[],[],[]
HK.HKCC2.npz_2782500.npz,[],[],[],[]
HK.HKCC2.npz_2760000.npz,[],[],[],[]
HK.HKCC2.npz_2821500.npz,[],[],[],[]
HK.HKCC2.npz_2875500.npz,[],[],[],[]
HK.HKCC2.npz_2793000.npz,[],[],[],[]
HK.HKCC2.npz_2752500.npz,[],[],[],[]
HK.HKCC2.npz_2799000.npz,[],[],[],[]
HK.HKCC2.npz_2790000.npz,[],[],[],[]
HK.HKCC2.npz_2887500.npz,[],[],[],[]
HK.HKCC2.npz_2833500.npz,[],[],[],[]
HK.HKCC2.npz_2772000.npz,[],[],[],[]
HK.HKCC2.npz_2794500.npz,[],[],[],[]
HK.HKCC2.npz_2764500.npz,[],[],[],[]
HK.HKCC2.npz_2802000.npz,[],[],[],[]
HK.HKCC2.npz_2811000.npz,[],[],[],[]
HK.HKCC2.npz_2899500.npz,[],[],[],[]
HK.HKCC2.npz_2805000.npz,[],[],[],[]
HK.HKCC2.npz_2814000.npz,[],[],[],[]
HK.HKCC2.npz_2845500.npz,[],[],[],[]
HK.HKCC2.npz_2784000.npz,[],[],[],[]
HK.HKCC2.npz_2806500.npz,[],[],[],[]
HK.HKCC2.npz_2776500.npz,[],[],[],[]
HK.HKCC2.npz_2817000.npz,[],[],[],[]
HK.HKCC2.npz_2823000.npz,[],[],[],[]
HK.HKCC2.npz_2911500.npz,[],[],[177],[ 0.37272286]
HK.HKCC2.npz_2857500.npz,[],[],[],[]
HK.HKCC2.npz_2826000.npz,[],[],[],[]
HK.HKCC2.npz_2818500.npz,[],[],[],[]
HK.HKCC2.npz_2788500.npz,[],[],[],[]
HK.HKCC2.npz_2796000.npz,[],[],[],[]
HK.HKCC2.npz_2829000.npz,[],[],[],[]
HK.HKCC2.npz_2835000.npz,[],[],[],[]
HK.HKCC2.npz_2838000.npz,[],[],[],[]
HK.HKCC2.npz_2830500.npz,[],[],[],[]
HK.HKCC2.npz_2800500.npz,[],[],[],[]
HK.HKCC2.npz_2869500.npz,[],[],[],[]
HK.HKCC2.npz_2923500.npz,[],[],[],[]
HK.HKCC2.npz_2841000.npz,[],[],[],[]
HK.HKCC2.npz_2842500.npz,[],[],[],[]
HK.HKCC2.npz_2850000.npz,[],[],[],[]
HK.HKCC2.npz_2808000.npz,[],[],[],[]
HK.HKCC2.npz_2847000.npz,[],[],[],[]
HK.HKCC2.npz_2812500.npz,[],[],[],[]
HK.HKCC2.npz_2881500.npz,[],[],[],[]
HK.HKCC2.npz_2854500.npz,[],[],[],[]
HK.HKCC2.npz_2853000.npz,[],[],[],[]
HK.HKCC2.npz_2935500.npz,[],[],[],[]
HK.HKCC2.npz_2859000.npz,[],[],[],[]
HK.HKCC2.npz_2820000.npz,[],[],[],[]
HK.HKCC2.npz_2824500.npz,[],[],[],[]
HK.HKCC2.npz_2893500.npz,[],[],[],[]
HK.HKCC2.npz_2862000.npz,[],[],[],[]
HK.HKCC2.npz_2947500.npz,[],[],[],[]
HK.HKCC2.npz_2832000.npz,[],[],[],[]
HK.HKCC2.npz_2865000.npz,[],[],[],[]
HK.HKCC2.npz_2866500.npz,[],[],[],[]
HK.HKCC2.npz_2871000.npz,[],[],[],[]
HK.HKCC2.npz_2905500.npz,[],[],[],[]
HK.HKCC2.npz_2836500.npz,[],[],[],[]
HK.HKCC2.npz_2844000.npz,[],[],[],[]
HK.HKCC2.npz_2874000.npz,[],[],[],[]
HK.HKCC2.npz_2959500.npz,[],[],[],[]
HK.HKCC2.npz_2848500.npz,[],[],[],[]
HK.HKCC2.npz_2883000.npz,[],[],[],[]
HK.HKCC2.npz_2878500.npz,[],[],[],[]
HK.HKCC2.npz_2877000.npz,[],[],[],[]
HK.HKCC2.npz_2917500.npz,[],[],[],[]
HK.HKCC2.npz_2886000.npz,[],[],[],[]
HK.HKCC2.npz_2895000.npz,[],[],[],[]
HK.HKCC2.npz_2971500.npz,[],[],[],[]
HK.HKCC2.npz_2856000.npz,[],[],[],[]
HK.HKCC2.npz_2860500.npz,[],[],[],[]
HK.HKCC2.npz_2907000.npz,[],[],[],[]
HK.HKCC2.npz_2898000.npz,[],[],[],[]
HK.HKCC2.npz_2929500.npz,[],[],[],[]
HK.HKCC2.npz_2890500.npz,[],[],[],[]
HK.HKCC2.npz_2889000.npz,[],[],[],[]
HK.HKCC2.npz_2868000.npz,[],[],[],[]
HK.HKCC2.npz_2919000.npz,[],[],[],[]
HK.HKCC2.npz_2910000.npz,[],[],[],[]
HK.HKCC2.npz_2983500.npz,[],[],[],[]
HK.HKCC2.npz_2872500.npz,[],[],[],[]
HK.HKCC2.npz_2901000.npz,[],[],[],[]
HK.HKCC2.npz_2931000.npz,[],[],[],[]
HK.HKCC2.npz_2880000.npz,[],[],[],[]
HK.HKCC2.npz_2902500.npz,[],[],[],[]
HK.HKCC2.npz_2941500.npz,[],[],[],[]
HK.HKCC2.npz_2922000.npz,[],[],[],[]
HK.HKCC2.npz_2943000.npz,[],[],[],[]
HK.HKCC2.npz_2995500.npz,[],[],[],[]
HK.HKCC2.npz_2913000.npz,[],[],[],[]
HK.HKCC2.npz_2884500.npz,[],[],[],[]
HK.HKCC2.npz_2914500.npz,[],[],[],[]
HK.HKCC2.npz_2934000.npz,[],[],[],[]
HK.HKCC2.npz_2953500.npz,[],[],[],[]
HK.HKCC2.npz_2955000.npz,[],[],[],[]
HK.HKCC2.npz_2892000.npz,[],[],[],[]
HK.HKCC2.npz_2946000.npz,[],[],[],[]
HK.HKCC2.npz_2925000.npz,[],[],[],[]
HK.HKCC2.npz_2926500.npz,[],[],[],[]
HK.HKCC2.npz_2896500.npz,[],[],[],[]
HK.HKCC2.npz_3007500.npz,[],[],[],[]
HK.HKCC2.npz_2904000.npz,[],[],[],[]
HK.HKCC2.npz_2965500.npz,[],[],[],[]
HK.HKCC2.npz_2967000.npz,[],[],[],[]
HK.HKCC2.npz_2937000.npz,[],[],[],[]
HK.HKCC2.npz_2958000.npz,[],[],[],[]
HK.HKCC2.npz_2908500.npz,[],[],[],[]
HK.HKCC2.npz_2977500.npz,[],[],[],[]
HK.HKCC2.npz_2916000.npz,[],[],[],[]
HK.HKCC2.npz_2938500.npz,[],[],[],[]
HK.HKCC2.npz_3019500.npz,[],[],[],[]
HK.HKCC2.npz_2949000.npz,[],[],[],[]
HK.HKCC2.npz_2979000.npz,[],[],[],[]
HK.HKCC2.npz_2989500.npz,[],[],[],[]
HK.HKCC2.npz_2920500.npz,[],[],[],[]
HK.HKCC2.npz_2970000.npz,[],[],[],[]
HK.HKCC2.npz_2928000.npz,[],[],[],[]
HK.HKCC2.npz_2950500.npz,[],[],[],[]
HK.HKCC2.npz_3031500.npz,[],[],[],[]
HK.HKCC2.npz_2991000.npz,[],[],[],[]
HK.HKCC2.npz_2961000.npz,[],[],[],[]
HK.HKCC2.npz_2982000.npz,[],[],[],[]
HK.HKCC2.npz_2962500.npz,[],[],[],[]
HK.HKCC2.npz_3001500.npz,[],[],[],[]
HK.HKCC2.npz_2932500.npz,[],[],[],[]
HK.HKCC2.npz_2940000.npz,[],[],[],[]
HK.HKCC2.npz_3003000.npz,[],[],[],[]
HK.HKCC2.npz_2973000.npz,[2944],[ 0.38206363],[],[]
HK.HKCC2.npz_2974500.npz,[],[],[],[]
HK.HKCC2.npz_3043500.npz,[],[],[],[]
HK.HKCC2.npz_2994000.npz,[],[],[],[]
HK.HKCC2.npz_2952000.npz,[],[],[],[]
HK.HKCC2.npz_3013500.npz,[],[],[],[]
HK.HKCC2.npz_2985000.npz,[],[],[],[]
HK.HKCC2.npz_2944500.npz,[],[],[],[]
HK.HKCC2.npz_3015000.npz,[],[],[],[]
HK.HKCC2.npz_3025500.npz,[],[],[],[]
HK.HKCC2.npz_3055500.npz,[],[],[],[]
HK.HKCC2.npz_3006000.npz,[],[],[],[]
HK.HKCC2.npz_2986500.npz,[],[],[],[]
HK.HKCC2.npz_2964000.npz,[],[],[],[]
